Date Time,Open,High,Low,Close,Volume,Adj Close
2016-01-04 00:00:00,7924.549805,7937.549805,7781.100098,7791.299805,134700,7791.299805
2016-01-05 00:00:00,7828.399902,7831.200195,7763.25,7784.649902,145200,7784.649902
2016-01-06 00:00:00,7788.049805,7800.950195,7721.200195,7741,147100,7741
2016-01-07 00:00:00,7673.350098,7674.950195,7556.600098,7568.299805,188900,7568.299805
2016-01-08 00:00:00,7611.649902,7634.100098,7581.049805,7601.350098,157400,7601.350098
2016-01-11 00:00:00,7527.450195,7605.100098,7494.350098,7563.850098,189000,7563.850098
2016-01-12 00:00:00,7587.200195,7588.299805,7487.799805,7510.299805,163900,7510.299805
2016-01-13 00:00:00,7557.899902,7590.950195,7425.799805,7562.399902,215200,7562.399902
2016-01-14 00:00:00,7467.399902,7604.799805,7443.799805,7536.799805,200800,7536.799805
2016-01-15 00:00:00,7561.649902,7566.5,7427.299805,7437.799805,197500,7437.799805
2016-01-18 00:00:00,7420.350098,7463.649902,7336.399902,7351,233600,7351
2016-01-19 00:00:00,7381.799805,7462.75,7364.149902,7435.100098,188300,7435.100098
2016-01-20 00:00:00,7357,7470.899902,7241.5,7309.299805,225600,7309.299805
2016-01-21 00:00:00,7376.649902,7398.700195,7250,7276.799805,240700,7276.799805
2016-01-22 00:00:00,7355.700195,7433.399902,7327.600098,7422.450195,229200,7422.450195
2016-01-25 00:00:00,7468.75,7487.149902,7421.200195,7436.149902,163200,7436.149902
2016-01-27 00:00:00,7469.600098,7477.899902,7419.700195,7437.75,187600,7437.75
2016-01-28 00:00:00,7426.5,7468.850098,7409.600098,7424.649902,274500,7424.649902
2016-01-29 00:00:00,7413.350098,7575.649902,7402.799805,7563.549805,298700,7563.549805
2016-02-01 00:00:00,7589.5,7600.450195,7541.25,7555.950195,200400,7555.950195
2016-02-02 00:00:00,7566.649902,7576.299805,7428.049805,7455.549805,230200,7455.549805
2016-02-03 00:00:00,7392.450195,7419.399902,7350.299805,7361.799805,192000,7361.799805
2016-02-04 00:00:00,7411.450195,7457.049805,7365.950195,7404,222700,7404
2016-02-05 00:00:00,7418.25,7503.149902,7406.649902,7489.100098,249800,7489.100098
2016-02-08 00:00:00,7489.700195,7512.549805,7363.200195,7387.25,171500,7387.25
2016-02-09 00:00:00,7303.950195,7323.450195,7275.149902,7298.200195,212100,7298.200195
2016-02-10 00:00:00,7264.299805,7271.850098,7177.75,7215.700195,246900,7215.700195
2016-02-11 00:00:00,7203.600098,7208.649902,6959.950195,6976.350098,292300,6976.350098
2016-02-12 00:00:00,7023.649902,7034.799805,6869,6980.950195,333900,6980.950195
2016-02-15 00:00:00,7057.350098,7182.799805,7056.799805,7162.950195,354200,7162.950195
2016-02-16 00:00:00,7201.25,7204.649902,7037.700195,7048.25,253800,7048.25
2016-02-17 00:00:00,7058.850098,7123.700195,6960.649902,7108.450195,260000,7108.450195
2016-02-18 00:00:00,7177.399902,7215.100098,7127.850098,7191.75,246700,7191.75
2016-02-19 00:00:00,7170.549805,7226.850098,7145.950195,7210.75,192300,7210.75
2016-02-22 00:00:00,7208.850098,7252.399902,7200.700195,7234.549805,154400,7234.549805
2016-02-23 00:00:00,7240.299805,7241.700195,7090.700195,7109.549805,194400,7109.549805
2016-02-24 00:00:00,7075,7090.799805,7009.75,7018.700195,199700,7018.700195
2016-02-25 00:00:00,7029.850098,7034.200195,6961.399902,6970.600098,283100,6970.600098
2016-02-26 00:00:00,7039.299805,7052.899902,6985.100098,7029.75,206700,7029.75
2016-02-29 00:00:00,7050.450195,7094.600098,6825.799805,6987.049805,473400,6987.049805
2016-03-01 00:00:00,7038.25,7235.5,7035.100098,7222.299805,275100,7222.299805
2016-03-02 00:00:00,7321.700195,7380.350098,7308.149902,7368.850098,338500,7368.850098
2016-03-03 00:00:00,7429.549805,7483.950195,7406.049805,7475.600098,278600,7475.600098
2016-03-04 00:00:00,7505.399902,7505.899902,7444.100098,7485.350098,281700,7485.350098
2016-03-08 00:00:00,7486.399902,7527.149902,7442.149902,7485.299805,257000,7485.299805
2016-03-09 00:00:00,7436.100098,7539,7424.299805,7531.799805,245100,7531.799805
2016-03-10 00:00:00,7545.350098,7547.100098,7447.399902,7486.149902,224700,7486.149902
2016-03-11 00:00:00,7484.850098,7543.950195,7460.600098,7510.200195,198700,7510.200195
2016-03-14 00:00:00,7542.600098,7583.700195,7515.049805,7538.75,166900,7538.75
2016-03-15 00:00:00,7535.850098,7545.200195,7452.799805,7460.600098,193700,7460.600098
2016-03-16 00:00:00,7457.049805,7508,7405.149902,7498.75,195400,7498.75
2016-03-17 00:00:00,7557.399902,7585.299805,7479.399902,7512.549805,239600,7512.549805
2016-03-18 00:00:00,7534.649902,7613.600098,7517.899902,7604.350098,237400,7604.350098
2016-03-21 00:00:00,7619.200195,7713.549805,7617.700195,7704.25,196800,7704.25
2016-03-22 00:00:00,7695.549805,7728.200195,7643.799805,7714.899902,208900,7714.899902
2016-03-23 00:00:00,7717.450195,7726.850098,7670.600098,7716.5,199600,7716.5
2016-03-28 00:00:00,7741,7749.399902,7587.700195,7615.100098,242400,7615.100098
2016-03-29 00:00:00,7606.549805,7652.899902,7582.25,7597,216800,7597
2016-03-30 00:00:00,7651.100098,7741.950195,7643.450195,7735.200195,232600,7735.200195
2016-03-31 00:00:00,7727.649902,7777.600098,7702,7738.399902,380100,7738.399902
2016-04-01 00:00:00,7718.049805,7740.149902,7666.100098,7713.049805,183900,7713.049805
2016-04-04 00:00:00,7733.149902,7764.450195,7704.399902,7758.799805,155500,7758.799805
2016-04-05 00:00:00,7736.299805,7736.299805,7588.649902,7603.200195,203800,7603.200195
2016-04-06 00:00:00,7636.049805,7638.649902,7591.75,7614.350098,165600,7614.350098
2016-04-07 00:00:00,7630.399902,7630.75,7535.850098,7546.450195,234400,7546.450195
2016-04-08 00:00:00,7542.350098,7569.350098,7526.700195,7555.200195,143400,7555.200195
2016-04-11 00:00:00,7577.799805,7678.799805,7516.850098,7671.399902,179800,7671.399902
2016-04-12 00:00:00,7669.25,7717.399902,7663.350098,7708.950195,163400,7708.950195
2016-04-13 00:00:00,7777.149902,7864.799805,7772.200195,7850.450195,220400,7850.450195
2016-04-18 00:00:00,7908.149902,7920.600098,7842.75,7914.700195,184600,7914.700195
2016-04-20 00:00:00,7950.049805,7950.399902,7877.549805,7914.75,205300,7914.75
2016-04-21 00:00:00,7953.649902,7978.450195,7884.100098,7912.049805,223700,7912.049805
2016-04-22 00:00:00,7891.799805,7923.350098,7873.350098,7899.299805,183300,7899.299805
2016-04-25 00:00:00,7894.799805,7911,7827,7855.049805,146300,7855.049805
2016-04-26 00:00:00,7828.149902,7974.5,7822.549805,7962.649902,202400,7962.649902
2016-04-27 00:00:00,7942,7991,7940.549805,7979.899902,206800,7979.899902
2016-04-28 00:00:00,7967.399902,7992,7834.450195,7847.25,292500,7847.25
2016-04-29 00:00:00,7844.25,7889.049805,7788.700195,7849.799805,243700,7849.799805
2016-05-02 00:00:00,7822.700195,7829.799805,7777.299805,7805.899902,146300,7805.899902
2016-05-03 00:00:00,7824.799805,7890.25,7735.149902,7747,186500,7747
2016-05-04 00:00:00,7724.149902,7749,7697.25,7706.549805,199700,7706.549805
2016-05-05 00:00:00,7731,7777.549805,7706.850098,7735.5,185100,7735.5
2016-05-06 00:00:00,7717.649902,7738.899902,7678.350098,7733.450195,163600,7733.450195
2016-05-09 00:00:00,7755.25,7873.649902,7753.549805,7866.049805,160600,7866.049805
2016-05-10 00:00:00,7873.549805,7896.899902,7837.700195,7887.799805,162000,7887.799805
2016-05-11 00:00:00,7804.649902,7893.100098,7780.899902,7848.850098,214100,7848.850098
2016-05-12 00:00:00,7871.450195,7916.049805,7849.649902,7900.399902,152700,7900.399902
2016-05-13 00:00:00,7881,7881,7784.200195,7814.899902,179500,7814.899902
2016-05-16 00:00:00,7831.200195,7873.899902,7772.149902,7860.75,205200,7860.75
2016-05-17 00:00:00,7896.850098,7940.100098,7879.700195,7890.75,183400,7890.75
2016-05-18 00:00:00,7846.75,7882.049805,7810.75,7870.149902,156400,7870.149902
2016-05-19 00:00:00,7875.5,7876.200195,7766.799805,7783.399902,170400,7783.399902
2016-05-20 00:00:00,7792.200195,7812.399902,7735.75,7749.700195,157000,7749.700195
2016-05-23 00:00:00,7813.950195,7820.600098,7722.200195,7731.049805,172000,7731.049805
2016-05-24 00:00:00,7738.049805,7761.549805,7715.799805,7748.850098,147000,7748.850098
2016-05-25 00:00:00,7811.799805,7941.200195,7809.299805,7934.899902,176200,7934.899902
2016-05-26 00:00:00,7974.450195,8083,7948.5,8069.649902,264300,8069.649902
2016-05-27 00:00:00,8081.950195,8164.200195,8077.049805,8156.649902,260900,8156.649902
2016-05-30 00:00:00,8166.5,8200,8150.799805,8178.5,247400,8178.5
2016-05-31 00:00:00,8209.849609,8213.599609,8134.299805,8160.100098,471000,8160.100098
2016-06-01 00:00:00,8179.200195,8215.349609,8171.049805,8179.950195,194400,8179.950195
2016-06-02 00:00:00,8156.899902,8229.5,8154.75,8218.950195,181700,8218.950195
2016-06-03 00:00:00,8246.200195,8262,8209.849609,8220.799805,379000,8220.799805
2016-06-06 00:00:00,8228.75,8234.700195,8186.049805,8201.049805,171600,8201.049805
2016-06-07 00:00:00,8235.549805,8294.950195,8216.400391,8266.450195,241900,8266.450195
2016-06-08 00:00:00,8285.5,8288.900391,8252.049805,8273.049805,174300,8273.049805
2016-06-09 00:00:00,8273.349609,8273.349609,8184.600098,8203.599609,174900,8203.599609
2016-06-10 00:00:00,8180.25,8265.599609,8162.850098,8170.049805,182200,8170.049805
2016-06-13 00:00:00,8102.25,8125.25,8063.899902,8110.600098,169700,8110.600098
2016-06-14 00:00:00,8134.399902,8134.950195,8069.5,8108.850098,145500,8108.850098
2016-06-15 00:00:00,8139.399902,8213.200195,8123.149902,8206.599609,169800,8206.599609
2016-06-16 00:00:00,8180.649902,8180.649902,8074.450195,8140.75,189200,8140.75
2016-06-17 00:00:00,8176.649902,8195.25,8135.799805,8170.200195,166600,8170.200195
2016-06-20 00:00:00,8115.75,8244.150391,8107.350098,8238.5,168600,8238.5
2016-06-21 00:00:00,8255.400391,8257.25,8202.150391,8219.900391,137000,8219.900391
2016-06-22 00:00:00,8213.650391,8238.349609,8153.25,8203.700195,136100,8203.700195
2016-06-23 00:00:00,8201.150391,8285.599609,8188.299805,8270.450195,154100,8270.450195
2016-06-24 00:00:00,8029.100098,8100.700195,7927.049805,8088.600098,297600,8088.600098
2016-06-27 00:00:00,8039.350098,8120.649902,8039.350098,8094.700195,162500,8094.700195
2016-06-28 00:00:00,8096.049805,8146.350098,8086.850098,8127.850098,170400,8127.850098
2016-06-29 00:00:00,8173.100098,8212.400391,8157.649902,8204,147000,8204
2016-06-30 00:00:00,8260.25,8308.150391,8242.099609,8287.75,279400,8287.75
2016-07-01 00:00:00,8313.049805,8356.75,8308.650391,8328.349609,165500,8328.349609
2016-07-04 00:00:00,8376.75,8398.450195,8364.700195,8370.700195,154200,8370.700195
2016-07-05 00:00:00,8379.299805,8381.450195,8319.950195,8335.950195,139000,8335.950195
2016-07-07 00:00:00,8342,8361.950195,8317.700195,8337.900391,155500,8337.900391
2016-07-08 00:00:00,8350,8353.299805,8287.549805,8323.200195,137900,8323.200195
2016-07-11 00:00:00,8413.349609,8475.25,8407.049805,8467.900391,149800,8467.900391
2016-07-12 00:00:00,8502.599609,8526.599609,8479.200195,8521.049805,183600,8521.049805
2016-07-13 00:00:00,8540.450195,8550.25,8493.549805,8519.5,195500,8519.5
2016-07-14 00:00:00,8515.75,8571.400391,8500.700195,8565,153900,8565
2016-07-15 00:00:00,8565.450195,8594.799805,8510.049805,8541.400391,221700,8541.400391
2016-07-18 00:00:00,8564.049805,8587.099609,8494.349609,8508.700195,164300,8508.700195
2016-07-19 00:00:00,8514.299805,8540.049805,8476.700195,8528.549805,167900,8528.549805
2016-07-20 00:00:00,8515.450195,8569.900391,8512.549805,8565.849609,160300,8565.849609
2016-07-21 00:00:00,8582.700195,8585.25,8503.450195,8510.099609,150000,8510.099609
2016-07-22 00:00:00,8519.650391,8548.950195,8489.799805,8541.200195,143200,8541.200195
2016-07-25 00:00:00,8519.950195,8641.150391,8517.200195,8635.650391,150000,8635.650391
2016-07-26 00:00:00,8633.75,8644.900391,8577.150391,8590.650391,154800,8590.650391
2016-07-27 00:00:00,8599.400391,8665,8572.049805,8615.799805,184100,8615.799805
2016-07-28 00:00:00,8636.950195,8674.700195,8625.25,8666.299805,233500,8666.299805
2016-07-29 00:00:00,8668.299805,8670.349609,8631.150391,8638.5,157000,8638.5
2016-08-01 00:00:00,8654.299805,8711.299805,8590.5,8636.549805,188400,8636.549805
2016-08-02 00:00:00,8647.450195,8687.200195,8611.400391,8622.900391,169400,8622.900391
2016-08-03 00:00:00,8635.200195,8635.450195,8529.599609,8544.849609,163000,8544.849609
2016-08-04 00:00:00,8599.950195,8601.400391,8518.150391,8551.099609,164700,8551.099609
2016-08-05 00:00:00,8600.200195,8689.400391,8590.150391,8683.150391,157900,8683.150391
2016-08-08 00:00:00,8712.849609,8723.5,8697.599609,8711.349609,172600,8711.349609
2016-08-09 00:00:00,8727.799805,8728.349609,8638.200195,8678.25,200100,8678.25
2016-08-10 00:00:00,8686.700195,8690.099609,8564.599609,8575.299805,173600,8575.299805
2016-08-11 00:00:00,8572.799805,8601.150391,8540.049805,8592.150391,189200,8592.150391
2016-08-16 00:00:00,8670.25,8682.349609,8600.450195,8642.549805,224800,8642.549805
2016-08-17 00:00:00,8639.799805,8667.099609,8603.599609,8624.049805,174100,8624.049805
2016-08-18 00:00:00,8648.849609,8690.700195,8645.049805,8673.25,164300,8673.25
2016-08-19 00:00:00,8694.299805,8696.599609,8647.099609,8666.900391,191900,8666.900391
2016-08-22 00:00:00,8667,8684.849609,8614,8629.150391,152300,8629.150391
2016-08-23 00:00:00,8628.349609,8642.150391,8580,8632.599609,187500,8632.599609
2016-08-24 00:00:00,8648.5,8661.049805,8620.900391,8650.299805,149600,8650.299805
2016-08-25 00:00:00,8668.849609,8683.049805,8583.650391,8592.200195,213100,8592.200195
2016-08-26 00:00:00,8614.349609,8622.950195,8547.549805,8572.549805,147500,8572.549805
2016-08-29 00:00:00,8583.75,8622,8543.75,8607.450195,129700,8607.450195
2016-08-30 00:00:00,8646.75,8750.599609,8642.25,8744.349609,150200,8744.349609
2016-08-31 00:00:00,8754.049805,8819.200195,8754.049805,8786.200195,362200,8786.200195
2016-09-01 00:00:00,8793.599609,8813.25,8759.950195,8774.650391,238900,8774.650391
2016-09-02 00:00:00,8796.349609,8824.099609,8768.200195,8809.650391,191500,8809.650391
2016-09-06 00:00:00,8852.700195,8950.849609,8848.450195,8943,195600,8943
2016-09-07 00:00:00,8968.700195,8968.700195,8913.349609,8917.950195,290100,8917.950195
2016-09-08 00:00:00,8915.5,8960.349609,8896,8952.5,217200,8952.5
2016-09-09 00:00:00,8934.299805,8939.150391,8858.700195,8866.700195,175900,8866.700195
2016-09-12 00:00:00,8732.950195,8746.950195,8699.400391,8715.599609,184500,8715.599609
2016-09-14 00:00:00,8710.650391,8739.849609,8688.900391,8726.599609,184300,8726.599609
2016-09-15 00:00:00,8743.849609,8751.950195,8704.349609,8742.549805,145400,8742.549805
2016-09-16 00:00:00,8780.849609,8847.650391,8750.5,8779.849609,265800,8779.849609
2016-09-19 00:00:00,8788.450195,8824.299805,8774.200195,8808.400391,131700,8808.400391
2016-09-20 00:00:00,8816.099609,8816.450195,8759.299805,8775.900391,136500,8775.900391
2016-09-21 00:00:00,8790.299805,8826.849609,8757.299805,8777.150391,148800,8777.150391
2016-09-22 00:00:00,8873.349609,8893.349609,8837.799805,8867.450195,172800,8867.450195
2016-09-23 00:00:00,8880.75,8885.200195,8820.299805,8831.549805,185900,8831.549805
2016-09-26 00:00:00,8807.900391,8809.549805,8715.099609,8723.049805,164000,8723.049805
2016-09-27 00:00:00,8748.900391,8768.5,8690.5,8706.400391,151400,8706.400391
2016-09-28 00:00:00,8711.200195,8767.049805,8703.150391,8745.150391,165500,8745.150391
2016-09-29 00:00:00,8792.700195,8800.650391,8558.25,8591.25,372900,8591.25
2016-09-30 00:00:00,8581.5,8637.150391,8555.200195,8611.150391,181700,8611.150391
2016-10-03 00:00:00,8666.150391,8745.200195,8635,8738.099609,137300,8738.099609
2016-10-04 00:00:00,8770,8783.650391,8736.099609,8769.150391,184300,8769.150391
2016-10-05 00:00:00,8806.349609,8806.950195,8731.400391,8743.950195,157200,8743.950195
2016-10-06 00:00:00,8768.700195,8781.150391,8684.650391,8709.549805,163600,8709.549805
2016-10-07 00:00:00,8721.700195,8723.700195,8663.799805,8697.599609,150400,8697.599609
2016-10-10 00:00:00,8735.349609,8745.799805,8703.950195,8708.799805,108400,8708.799805
2016-10-13 00:00:00,8671.5,8681.549805,8541.349609,8573.349609,212300,8573.349609
2016-10-14 00:00:00,8594,8604.450195,8549.799805,8583.400391,162800,8583.400391
2016-10-17 00:00:00,8612.950195,8615.400391,8506.150391,8520.400391,197400,8520.400391
2016-10-18 00:00:00,8556.049805,8685.099609,8555.900391,8677.900391,216600,8677.900391
2016-10-19 00:00:00,8697.5,8698.75,8636.700195,8659.099609,172100,8659.099609
2016-10-20 00:00:00,8693.349609,8727,8678.299805,8699.400391,161000,8699.400391
2016-10-21 00:00:00,8708.599609,8709.099609,8652.049805,8693.049805,157300,8693.049805
2016-10-24 00:00:00,8709.849609,8736.950195,8684.150391,8708.950195,157100,8708.950195
2016-10-25 00:00:00,8721.700195,8722.650391,8663.450195,8691.299805,189800,8691.299805
2016-10-26 00:00:00,8657.299805,8657.299805,8596.599609,8615.25,219300,8615.25
2016-10-27 00:00:00,8607.099609,8624.849609,8550.25,8615.25,242800,8615.25
2016-10-28 00:00:00,8625,8653.75,8581.75,8638,175500,8638
2016-11-01 00:00:00,8653.150391,8669.599609,8614.5,8626.25,165000,8626.25
2016-11-02 00:00:00,8542.799805,8549.5,8504.849609,8514,155300,8514
2016-11-03 00:00:00,8499.849609,8537.650391,8476.150391,8484.950195,170500,8484.950195
2016-11-04 00:00:00,8503.599609,8504,8400.25,8433.75,224800,8433.75
2016-11-07 00:00:00,8535.75,8535.849609,8481.450195,8497.049805,172800,8497.049805
2016-11-08 00:00:00,8540,8559.400391,8480.099609,8543.549805,195700,8543.549805
2016-11-09 00:00:00,8067.5,8476.200195,8002.25,8432,314300,8432
2016-11-10 00:00:00,8555.599609,8598.450195,8510.700195,8525.75,263100,8525.75
2016-11-11 00:00:00,8456.650391,8460.599609,8284.950195,8296.299805,266900,8296.299805
2016-11-15 00:00:00,8284.849609,8288.549805,8093.200195,8108.450195,359200,8108.450195
2016-11-16 00:00:00,8205.650391,8210.049805,8089.399902,8111.600098,269500,8111.600098
2016-11-17 00:00:00,8105.100098,8151.25,8060.299805,8079.950195,191300,8079.950195
2016-11-18 00:00:00,8097.549805,8128.950195,8048.299805,8074.100098,161200,8074.100098
2016-11-21 00:00:00,8102.100098,8102.450195,7916.399902,7929.100098,218800,7929.100098
2016-11-22 00:00:00,7989.149902,8019.049805,7938.149902,8002.299805,210200,8002.299805
2016-11-23 00:00:00,8051.200195,8055.200195,7973.100098,8033.299805,181000,8033.299805
2016-11-24 00:00:00,8011.799805,8024.850098,7952.549805,7965.5,260500,7965.5
2016-11-25 00:00:00,8007.950195,8122.25,7976.75,8114.299805,177900,8114.299805
2016-11-28 00:00:00,8080.649902,8146.5,8066.5,8126.899902,189700,8126.899902
2016-11-29 00:00:00,8131.549805,8197.349609,8128.700195,8142.149902,189700,8142.149902
2016-11-30 00:00:00,8172.149902,8234.25,8139.25,8224.5,248000,8224.5
2016-12-01 00:00:00,8244,8250.799805,8185.049805,8192.900391,157700,8192.900391
2016-12-02 00:00:00,8153.549805,8159.299805,8070.049805,8086.799805,171500,8086.799805
2016-12-05 00:00:00,8088.75,8141.899902,8056.850098,8128.75,126500,8128.75
2016-12-06 00:00:00,8153.149902,8178.700195,8130.850098,8143.149902,115300,8143.149902
2016-12-07 00:00:00,8168.399902,8190.450195,8077.5,8102.049805,169800,8102.049805
2016-12-08 00:00:00,8152.100098,8256.25,8151.75,8246.849609,142500,8246.849609
2016-12-09 00:00:00,8271.700195,8274.950195,8241.950195,8261.75,149700,8261.75
2016-12-12 00:00:00,8230.650391,8230.650391,8154.450195,8170.799805,108100,8170.799805
2016-12-13 00:00:00,8196.150391,8228.849609,8155.799805,8221.799805,184000,8221.799805
2016-12-14 00:00:00,8229.349609,8229.400391,8165.100098,8182.450195,144600,8182.450195
2016-12-15 00:00:00,8128.399902,8225.900391,8121.950195,8153.600098,181800,8153.600098
2016-12-16 00:00:00,8178.200195,8178.700195,8127.450195,8139.450195,203000,8139.450195
2016-12-19 00:00:00,8126,8132.5,8094.850098,8104.350098,107400,8104.350098
2016-12-20 00:00:00,8110.600098,8124.100098,8062.75,8082.399902,128000,8082.399902
2016-12-21 00:00:00,8105.850098,8112.549805,8053.25,8061.299805,123700,8061.299805
2016-12-22 00:00:00,8043.850098,8046.450195,7964.950195,7979.100098,122600,7979.100098
2016-12-23 00:00:00,7972.5,8022.600098,7942.049805,7985.75,124100,7985.75
2016-12-26 00:00:00,7965.100098,7970.049805,7893.799805,7908.25,106900,7908.25
2016-12-27 00:00:00,7915.049805,8044.649902,7903.700195,8032.850098,118800,8032.850098
2016-12-28 00:00:00,8047.549805,8100.549805,8028.399902,8034.850098,126700,8034.850098
2016-12-29 00:00:00,8030.600098,8111.100098,8020.799805,8103.600098,178500,8103.600098
2016-12-30 00:00:00,8119.649902,8197,8114.75,8185.799805,127600,8185.799805
2017-01-02 00:00:00,8210.099609,8212,8133.799805,8179.5,118300,8179.5
2017-01-03 00:00:00,8196.049805,8219.099609,8148.600098,8192.25,127300,8192.25
2017-01-04 00:00:00,8202.650391,8218.5,8180.899902,8190.5,132400,8190.5
2017-01-05 00:00:00,8226.650391,8282.650391,8223.700195,8273.799805,159100,8273.799805
2017-01-06 00:00:00,8281.849609,8306.849609,8233.25,8243.799805,139400,8243.799805
2017-01-09 00:00:00,8259.349609,8263,8227.75,8236.049805,99100,8236.049805
2017-01-10 00:00:00,8262.700195,8293.799805,8261,8288.599609,142900,8288.599609
2017-01-11 00:00:00,8327.799805,8389,8322.25,8380.650391,186500,8380.650391
2017-01-12 00:00:00,8391.049805,8417.200195,8382.299805,8407.200195,172600,8407.200195
2017-01-13 00:00:00,8457.650391,8461.049805,8373.150391,8400.349609,185300,8400.349609
2017-01-16 00:00:00,8390.950195,8426.700195,8374.400391,8412.799805,124100,8412.799805
2017-01-17 00:00:00,8415.049805,8440.900391,8378.299805,8398,122000,8398
2017-01-18 00:00:00,8403.849609,8460.299805,8397.400391,8417,163800,8417
2017-01-19 00:00:00,8418.400391,8445.150391,8404.049805,8435.099609,165900,8435.099609
2017-01-20 00:00:00,8404.349609,8423.650391,8340.950195,8349.349609,202600,8349.349609
2017-01-23 00:00:00,8329.599609,8404.150391,8327.200195,8391.5,195000,8391.5
2017-01-24 00:00:00,8407.049805,8480.950195,8398.150391,8475.799805,179200,8475.799805
2017-01-25 00:00:00,8499.450195,8612.599609,8493.950195,8602.75,292500,8602.75
2017-01-27 00:00:00,8610.5,8672.700195,8606.900391,8641.25,275400,8641.25
2017-01-30 00:00:00,8635.549805,8662.599609,8617.75,8632.75,304700,8632.75
2017-01-31 00:00:00,8629.450195,8631.75,8552.400391,8561.299805,521000,8561.299805
2017-02-01 00:00:00,8570.349609,8722.400391,8537.5,8716.400391,327700,8716.400391
2017-02-02 00:00:00,8724.75,8757.599609,8685.799805,8734.25,283500,8734.25
2017-02-03 00:00:00,8735.150391,8748.25,8707.75,8740.950195,191000,8740.950195
2017-02-06 00:00:00,8785.450195,8814.099609,8770.200195,8801.049805,194400,8801.049805
2017-02-07 00:00:00,8805.700195,8809.299805,8741.049805,8768.299805,226300,8768.299805
2017-02-08 00:00:00,8774.549805,8791.25,8715,8769.049805,218700,8769.049805
2017-02-09 00:00:00,8795.549805,8821.400391,8724.099609,8778.400391,187500,8778.400391
2017-02-10 00:00:00,8812.349609,8822.099609,8771.200195,8793.549805,225900,8793.549805
2017-02-13 00:00:00,8819.799805,8826.900391,8754.200195,8805.049805,204900,8805.049805
2017-02-14 00:00:00,8819.900391,8820.450195,8772.5,8792.299805,188300,8792.299805
2017-02-15 00:00:00,8778.950195,8807.900391,8712.849609,8724.700195,216100,8724.700195
2017-02-16 00:00:00,8739,8783.950195,8719.599609,8778,184600,8778
2017-02-17 00:00:00,8883.700195,8896.450195,8804.25,8821.700195,298300,8821.700195
2017-02-20 00:00:00,8818.549805,8886.25,8809.799805,8879.200195,167800,8879.200195
2017-02-21 00:00:00,8890.75,8920.799805,8860.950195,8907.849609,175700,8907.849609
2017-02-22 00:00:00,8931.599609,8960.75,8905.25,8926.900391,247100,8926.900391
2017-02-23 00:00:00,8956.400391,8982.150391,8927.549805,8939.5,377200,8939.5
2017-02-27 00:00:00,8943.700195,8951.799805,8888.650391,8896.700195,189900,8896.700195
2017-02-28 00:00:00,8898.950195,8914.75,8867.599609,8879.599609,293600,8879.599609
2017-03-01 00:00:00,8904.400391,8960.799805,8898.599609,8945.799805,205900,8945.799805
2017-03-02 00:00:00,8982.849609,8992.5,8879.799805,8899.75,218800,8899.75
2017-03-03 00:00:00,8883.5,8907.099609,8860.099609,8897.549805,202600,8897.549805
2017-03-06 00:00:00,8915.099609,8967.799805,8914,8963.450195,174800,8963.450195
2017-03-07 00:00:00,8977.75,8977.849609,8932.799805,8946.900391,173400,8946.900391
2017-03-08 00:00:00,8950.700195,8957.049805,8891.950195,8924.299805,177800,8924.299805
2017-03-09 00:00:00,8914.5,8945.799805,8899.5,8927,171500,8927
2017-03-10 00:00:00,8953.700195,8975.700195,8903.950195,8934.549805,152700,8934.549805
2017-03-14 00:00:00,9091.650391,9122.75,9060.5,9087,270300,9087
2017-03-15 00:00:00,9086.849609,9106.549805,9075.5,9084.799805,240600,9084.799805
2017-03-16 00:00:00,9129.650391,9158.450195,9128.549805,9153.700195,208600,9153.700195
2017-03-17 00:00:00,9207.799805,9218.400391,9147.599609,9160.049805,286700,9160.049805
2017-03-20 00:00:00,9166.950195,9167.599609,9116.299805,9126.849609,332100,9126.849609
2017-03-21 00:00:00,9133.950195,9147.75,9087.200195,9121.5,247700,9121.5
2017-03-22 00:00:00,9047.200195,9072.900391,9019.299805,9030.450195,232300,9030.450195
2017-03-23 00:00:00,9048.75,9099.049805,9048.599609,9086.299805,191800,9086.299805
2017-03-24 00:00:00,9104,9133.549805,9089.400391,9108,203700,9108
2017-03-27 00:00:00,9093.450195,9094.849609,9024.650391,9045.200195,202700,9045.200195
2017-03-28 00:00:00,9081.5,9110.400391,9079.799805,9100.799805,183300,9100.799805
2017-03-29 00:00:00,9128.700195,9153.150391,9109.099609,9143.799805,243400,9143.799805
2017-03-30 00:00:00,9142.599609,9183.150391,9136.349609,9173.75,323400,9173.75
2017-03-31 00:00:00,9158.900391,9191.700195,9152.099609,9173.75,190900,9173.75
2017-04-03 00:00:00,9220.599609,9245.349609,9192.400391,9237.849609,139100,9237.849609
2017-04-05 00:00:00,9264.400391,9273.900391,9215.400391,9265.150391,184800,9265.150391
2017-04-06 00:00:00,9245.799805,9267.950195,9218.849609,9261.950195,186100,9261.950195
2017-04-07 00:00:00,9223.700195,9250.5,9188.099609,9198.299805,190000,9198.299805
2017-04-10 00:00:00,9225.599609,9225.650391,9174.849609,9181.450195,135800,9181.450195
2017-04-11 00:00:00,9184.549805,9242.700195,9172.849609,9237,200100,9237
2017-04-12 00:00:00,9242.5,9246.400391,9161.799805,9203.450195,161800,9203.450195
2017-04-13 00:00:00,9202.5,9202.650391,9144.950195,9150.799805,166500,9150.799805
2017-04-17 00:00:00,9144.75,9160,9120.25,9139.299805,0,9139.299805
2017-04-18 00:00:00,9163,9217.900391,9095.450195,9105.150391,174200,9105.150391
2017-04-19 00:00:00,9112.200195,9120.5,9075.150391,9103.5,173700,9103.5
2017-04-20 00:00:00,9108.099609,9143.900391,9102.650391,9136.400391,170300,9136.400391
2017-04-21 00:00:00,9179.099609,9183.650391,9088.75,9119.400391,155200,9119.400391
2017-04-24 00:00:00,9135.349609,9225.400391,9130.549805,9217.950195,167700,9217.950195
2017-04-25 00:00:00,9273.049805,9309.200195,9250.349609,9306.599609,168700,9306.599609
2017-04-26 00:00:00,9336.200195,9367,9301.349609,9351.849609,185700,9351.849609
2017-04-27 00:00:00,9359.150391,9367.150391,9322.650391,9342.150391,209400,9342.150391
2017-04-28 00:00:00,9340.950195,9342.650391,9282.25,9304.049805,162200,9304.049805
2017-05-02 00:00:00,9339.849609,9352.549805,9269.900391,9313.799805,161600,9313.799805
2017-05-03 00:00:00,9344.700195,9346.299805,9298.400391,9311.950195,151600,9311.950195
2017-05-04 00:00:00,9360.950195,9365.650391,9323.25,9359.900391,269600,9359.900391
2017-05-05 00:00:00,9374.549805,9377.099609,9272,9285.299805,231900,9285.299805
2017-05-08 00:00:00,9311.450195,9338.700195,9297.950195,9314.049805,174300,9314.049805
2017-05-09 00:00:00,9337.349609,9338.950195,9307.700195,9316.849609,132300,9316.849609
2017-05-10 00:00:00,9339.650391,9414.75,9336,9407.299805,152700,9407.299805
2017-05-11 00:00:00,9448.599609,9450.650391,9411.299805,9422.400391,171100,9422.400391
2017-05-12 00:00:00,9436.650391,9437.75,9372.549805,9400.900391,154300,9400.900391
2017-05-15 00:00:00,9433.549805,9449.25,9423.099609,9445.400391,140800,9445.400391
2017-05-16 00:00:00,9461,9517.200195,9456.349609,9512.25,166500,9512.25
2017-05-17 00:00:00,9517.599609,9532.599609,9486.099609,9525.75,205500,9525.75
2017-05-18 00:00:00,9453.200195,9489.099609,9418.099609,9429.450195,193300,9429.450195
2017-05-19 00:00:00,9469.900391,9505.75,9390.75,9427.900391,252100,9427.900391
2017-05-22 00:00:00,9480.25,9498.650391,9427.900391,9438.25,196800,9438.25
2017-05-23 00:00:00,9445.049805,9448.049805,9370,9386.150391,224400,9386.150391
2017-05-24 00:00:00,9410.900391,9431.900391,9341.650391,9360.549805,211800,9360.549805
2017-05-25 00:00:00,9384.049805,9523.299805,9379.200195,9509.75,289200,9509.75
2017-05-26 00:00:00,9507.75,9604.900391,9495.400391,9595.099609,218800,9595.099609
2017-05-29 00:00:00,9560.049805,9637.75,9547.700195,9604.900391,235000,9604.900391
2017-05-30 00:00:00,9590.650391,9635.299805,9581.200195,9624.549805,193900,9624.549805
2017-05-31 00:00:00,9636.549805,9649.599609,9609.25,9621.25,414300,9621.25
2017-06-01 00:00:00,9603.549805,9634.650391,9589.900391,9616.099609,176100,9616.099609
2017-06-02 00:00:00,9657.150391,9673.5,9637.450195,9653.5,162200,9653.5
2017-06-05 00:00:00,9656.299805,9687.200195,9640.700195,9675.099609,127700,9675.099609
2017-06-06 00:00:00,9704.25,9709.299805,9630.200195,9637.150391,145900,9637.150391
2017-06-07 00:00:00,9663.950195,9678.549805,9630.549805,9663.900391,160700,9663.900391
2017-06-08 00:00:00,9682.400391,9688.700195,9641.5,9647.25,155400,9647.25
2017-06-09 00:00:00,9638.549805,9676.25,9608.150391,9668.25,159000,9668.25
2017-06-12 00:00:00,9646.700195,9647.049805,9598.5,9616.400391,141400,9616.400391
2017-06-13 00:00:00,9615.549805,9654.150391,9595.400391,9606.900391,129700,9606.900391
2017-06-14 00:00:00,9621.549805,9627.400391,9580.450195,9618.150391,181800,9618.150391
2017-06-15 00:00:00,9617.900391,9621.400391,9560.799805,9578.049805,171100,9578.049805
2017-06-16 00:00:00,9595.450195,9615.849609,9565.5,9588.049805,213200,9588.049805
2017-06-19 00:00:00,9626.400391,9673.299805,9614.900391,9657.549805,141700,9657.549805
2017-06-20 00:00:00,9670.5,9676.5,9643.75,9653.5,159500,9653.5
2017-06-21 00:00:00,9648.099609,9650.450195,9608.599609,9633.599609,144000,9633.599609
2017-06-22 00:00:00,9642.650391,9698.849609,9617.75,9630,198800,9630
2017-06-23 00:00:00,9643.25,9647.650391,9565.299805,9574.950195,175200,9574.950195
2017-06-27 00:00:00,9594.049805,9615.400391,9473.450195,9511.400391,203300,9511.400391
2017-06-28 00:00:00,9520.200195,9522.5,9474.349609,9491.25,172400,9491.25
2017-06-29 00:00:00,9522.950195,9575.799805,9493.799805,9504.099609,259300,9504.099609
2017-06-30 00:00:00,9478.5,9535.799805,9448.75,9520.900391,179600,9520.900391
2017-07-03 00:00:00,9587.950195,9624,9543.549805,9615,183000,9615
2017-07-04 00:00:00,9645.900391,9650.650391,9595.5,9613.299805,144800,9613.299805
2017-07-05 00:00:00,9619.75,9643.650391,9607.349609,9637.599609,130800,9637.599609
2017-07-06 00:00:00,9653.599609,9700.700195,9639.950195,9674.549805,147400,9674.549805
2017-07-07 00:00:00,9670.349609,9684.25,9642.650391,9665.799805,141800,9665.799805
2017-07-10 00:00:00,9719.299805,9782.150391,9646.450195,9771.049805,37500,9771.049805
2017-07-11 00:00:00,9797.450195,9830.049805,9778.849609,9786.049805,179700,9786.049805
2017-07-12 00:00:00,9807.299805,9824.950195,9787.700195,9816.099609,145500,9816.099609
2017-07-13 00:00:00,9855.799805,9897.25,9853.450195,9891.700195,181300,9891.700195
2017-07-14 00:00:00,9913.299805,9913.299805,9845.450195,9886.349609,159600,9886.349609
2017-07-17 00:00:00,9908.150391,9928.200195,9894.700195,9915.950195,163500,9915.950195
2017-07-18 00:00:00,9832.700195,9885.349609,9792.049805,9827.150391,293900,9827.150391
2017-07-19 00:00:00,9855.950195,9905.049805,9851.650391,9899.599609,200200,9899.599609
2017-07-20 00:00:00,9920.200195,9922.549805,9863.450195,9873.299805,161100,9873.299805
2017-07-21 00:00:00,9899.599609,9924.700195,9838,9915.25,187500,9915.25
2017-07-24 00:00:00,9936.799805,9982.049805,9919.599609,9966.400391,0,9966.400391
2017-07-25 00:00:00,10010.54981,10011.29981,9949.099609,9964.549805,185500,9964.549805
2017-07-26 00:00:00,9983.650391,10025.9502,9965.950195,10020.65039,197600,10020.65039
2017-07-27 00:00:00,10063.25,10114.84961,10005.5,10020.54981,287900,10020.54981
2017-07-28 00:00:00,9996.549805,10026.04981,9944.5,10014.5,191600,10014.5
2017-07-31 00:00:00,10034.7002,10085.90039,10016.9502,10077.09961,237700,10077.09961
2017-08-01 00:00:00,10101.04981,10128.59961,10065.75,10114.65039,184300,10114.65039
2017-08-02 00:00:00,10136.29981,10137.84961,10054.2002,10081.5,161500,10081.5
2017-08-03 00:00:00,10081.15039,10081.15039,9998.25,10013.65039,192700,10013.65039
2017-08-04 00:00:00,10008.59961,10075.25,9988.349609,10066.40039,178600,10066.40039
2017-08-07 00:00:00,10074.79981,10088.09961,10046.34961,10057.40039,137400,10057.40039
2017-08-08 00:00:00,10068.34961,10083.79981,9947,9978.549805,203300,9978.549805
2017-08-09 00:00:00,9961.150391,9969.799805,9893.049805,9908.049805,169200,9908.049805
2017-08-10 00:00:00,9872.849609,9892.650391,9776.200195,9820.25,235500,9820.25
2017-08-11 00:00:00,9712.150391,9771.650391,9685.549805,9710.799805,285900,9710.799805
2017-08-14 00:00:00,9755.75,9818.299805,9752.099609,9794.150391,195600,9794.150391
2017-08-16 00:00:00,9825.849609,9903.950195,9773.849609,9897.299805,219500,9897.299805
2017-08-17 00:00:00,9945.549805,9947.799805,9883.75,9904.150391,197600,9904.150391
2017-08-18 00:00:00,9865.950195,9865.950195,9783.650391,9837.400391,246300,9837.400391
2017-08-21 00:00:00,9864.25,9884.349609,9740.099609,9754.349609,205300,9754.349609
2017-08-22 00:00:00,9815.75,9828.450195,9752.599609,9765.549805,183600,9765.549805
2017-08-23 00:00:00,9803.049805,9857.900391,9786.75,9852.5,168600,9852.5
2017-08-24 00:00:00,9881.200195,9881.5,9848.849609,9857.049805,184700,9857.049805
2017-08-28 00:00:00,9907.150391,9925.75,9882,9912.799805,159600,9912.799805
2017-08-29 00:00:00,9886.400391,9887.349609,9783.75,9796.049805,173300,9796.049805
2017-08-30 00:00:00,9859.5,9909.450195,9850.799805,9884.400391,157800,9884.400391
2017-08-31 00:00:00,9905.700195,9925.099609,9856.950195,9917.900391,327700,9917.900391
2017-09-01 00:00:00,9937.650391,9983.450195,9909.849609,9974.400391,157800,9974.400391
2017-09-04 00:00:00,9984.150391,9988.400391,9861,9912.849609,148800,9912.849609
2017-09-05 00:00:00,9933.25,9963.099609,9901.049805,9952.200195,139200,9952.200195
2017-09-06 00:00:00,9899.25,9931.549805,9882.549805,9916.200195,149200,9916.200195
2017-09-07 00:00:00,9945.849609,9964.849609,9917.200195,9929.900391,188800,9929.900391
2017-09-08 00:00:00,9958.650391,9963.599609,9913.299805,9934.799805,163600,9934.799805
2017-09-11 00:00:00,9971.75,10028.65039,9968.799805,10006.04981,173000,10006.04981
2017-09-12 00:00:00,10056.84961,10097.54981,10028.04981,10093.04981,182600,10093.04981
2017-09-13 00:00:00,10099.25,10131.9502,10063.15039,10079.29981,215000,10079.29981
2017-09-14 00:00:00,10107.40039,10126.5,10070.34961,10086.59961,225600,10086.59961
2017-09-15 00:00:00,10062.34961,10115.15039,10043.65039,10085.40039,266600,10085.40039
2017-09-18 00:00:00,10133.09961,10171.7002,10131.29981,10153.09961,156100,10153.09961
2017-09-19 00:00:00,10175.59961,10178.9502,10129.9502,10147.54981,187500,10147.54981
2017-09-20 00:00:00,10160.9502,10171.04981,10134.2002,10141.15039,199400,10141.15039
2017-09-21 00:00:00,10139.59961,10158.90039,10058.59961,10121.90039,191800,10121.90039
2017-09-22 00:00:00,10094.34961,10095.04981,9952.799805,9964.400391,226600,9964.400391
2017-09-25 00:00:00,9960.099609,9960.5,9816.049805,9872.599609,221400,9872.599609
2017-09-26 00:00:00,9875.25,9891.349609,9813,9871.5,190900,9871.5
2017-09-27 00:00:00,9920.599609,9921.049805,9714.400391,9735.75,200100,9735.75
2017-09-28 00:00:00,9736.400391,9789.200195,9687.549805,9768.950195,385000,9768.950195
2017-09-29 00:00:00,9814.299805,9854,9775.349609,9788.599609,196300,9788.599609
2017-10-03 00:00:00,9893.299805,9895.400391,9831.049805,9859.5,162800,9859.5
2017-10-04 00:00:00,9884.349609,9938.299805,9850.650391,9914.900391,156200,9914.900391
2017-10-05 00:00:00,9927,9945.950195,9881.849609,9888.700195,147800,9888.700195
2017-10-06 00:00:00,9908.150391,9989.349609,9906.599609,9979.700195,195800,9979.700195
2017-10-09 00:00:00,9988.200195,10015.75,9959.450195,9988.75,143900,9988.75
2017-10-10 00:00:00,10013.7002,10034,10002.29981,10016.9502,148600,10016.9502
2017-10-11 00:00:00,10042.59961,10067.25,9955.799805,9984.799805,189700,9984.799805
2017-10-12 00:00:00,10011.2002,10104.4502,9977.099609,10096.40039,200900,10096.40039
2017-10-13 00:00:00,10123.7002,10191.90039,10120.09961,10167.4502,230100,10167.4502
2017-10-16 00:00:00,10207.40039,10242.9502,10175.09961,10230.84961,203000,10230.84961
2017-10-17 00:00:00,10227.65039,10251.84961,10212.59961,10234.4502,195700,10234.4502
2017-10-18 00:00:00,10209.40039,10236.4502,10175.75,10210.84961,254200,10210.84961
2017-10-23 00:00:00,10210.34961,10224.15039,10123.34961,10184.84961,248300,10184.84961
2017-10-24 00:00:00,10218.54981,10237.75,10182.40039,10207.7002,217200,10207.7002
2017-10-25 00:00:00,10321.15039,10340.54981,10240.90039,10295.34961,594200,10295.34961
2017-10-26 00:00:00,10291.79981,10355.65039,10271.84961,10343.79981,429700,10343.79981
2017-10-27 00:00:00,10362.29981,10366.15039,10311.29981,10323.04981,312700,10323.04981
2017-10-30 00:00:00,10353.84961,10384.5,10344.29981,10363.65039,236900,10363.65039
2017-10-31 00:00:00,10364.90039,10367.7002,10323.9502,10335.29981,232600,10335.29981
2017-11-01 00:00:00,10390.34961,10451.65039,10383.04981,10440.5,260300,10440.5
2017-11-02 00:00:00,10440.5,10453,10412.54981,10423.79981,201500,10423.79981
2017-11-03 00:00:00,10461.54981,10461.7002,10403.59961,10452.5,199900,10452.5
2017-11-06 00:00:00,10431.75,10490.4502,10413.75,10451.79981,193600,10451.79981
2017-11-07 00:00:00,10477.15039,10485.75,10340.79981,10350.15039,286900,10350.15039
2017-11-08 00:00:00,10361.9502,10384.25,10285.5,10303.15039,274500,10303.15039
2017-11-09 00:00:00,10358.65039,10368.4502,10266.9502,10308.9502,240200,10308.9502
2017-11-10 00:00:00,10304.34961,10344.9502,10254.09961,10321.75,279400,10321.75
2017-11-13 00:00:00,10322,10334.15039,10216.25,10224.9502,210300,10224.9502
2017-11-14 00:00:00,10223.40039,10248,10175.54981,10186.59961,305000,10186.59961
2017-11-15 00:00:00,10171.9502,10175.4502,10094,10118.04981,207400,10118.04981
2017-11-16 00:00:00,10152.90039,10232.25,10139.2002,10214.75,182600,10214.75
2017-11-17 00:00:00,10324.54981,10343.59961,10268.04981,10283.59961,203300,10283.59961
2017-11-20 00:00:00,10287.2002,10309.84961,10261.5,10298.75,147200,10298.75
2017-11-21 00:00:00,10329.25,10358.7002,10315.04981,10326.90039,186100,10326.90039
2017-11-22 00:00:00,10350.79981,10368.7002,10309.54981,10342.29981,157600,10342.29981
2017-11-23 00:00:00,10358.4502,10374.29981,10307.29981,10348.75,153000,10348.75
2017-11-24 00:00:00,10366.79981,10404.5,10362.25,10389.7002,129200,10389.7002
2017-11-27 00:00:00,10361.04981,10407.15039,10340.2002,10399.54981,141900,10399.54981
2017-11-28 00:00:00,10387.90039,10409.54981,10355.2002,10370.25,196000,10370.25
2017-11-29 00:00:00,10376.65039,10392.9502,10345.90039,10361.29981,152500,10361.29981
