Symbol,Series,Date,Prev Close,open,high,low,Last Price,close,Average Price,volume,Turnover,No. of Trades,Deliverable Qty,% Dly Qt to Traded Qty
YESBANK,EQ,27-Apr-2017,1582.05,1585,1651.9,1573.95,1638.75,1642.4,1622.47,4221491,6849254377.25,108381,1501211,35.56
YESBANK,EQ,28-Apr-2017,1642.4,1639.55,1644.65,1621.8,1635.9,1630.25,1630.7,1335961,2178556223.5,51091,570614,42.71
YESBANK,EQ,02-May-2017,1630.25,1632,1651.8,1623.55,1630,1633.9,1638.77,1645639,2696830349.55,78354,778036,47.28
YESBANK,EQ,03-May-2017,1633.9,1637.7,1641.45,1615.6,1630,1632.95,1627.39,981337,1597014894.75,39561,291818,29.74
YESBANK,EQ,04-May-2017,1632.95,1632.55,1640,1620.1,1628,1626.85,1629.03,1011962,1648516036.55,47427,357936,35.37
YESBANK,EQ,05-May-2017,1626.85,1626,1631,1604.35,1611.5,1608.75,1613.26,977720,1577315392.4,41585,337929,34.56
YESBANK,EQ,08-May-2017,1608.75,1614,1634,1609.05,1616.25,1615.45,1622.36,842580,1366968858.6,40394,346612,41.14
YESBANK,EQ,09-May-2017,1615.45,1616.05,1616.6,1592.15,1608,1602.5,1601.85,977933,1566505133.8,34652,408255,41.75
YESBANK,EQ,10-May-2017,1602.5,1606,1614.95,1584.1,1599,1598.4,1597.92,1950437,3116648879.75,47607,1075706,55.15
YESBANK,EQ,11-May-2017,1598.4,1608,1608,1575,1578.5,1577.3,1589.52,1669314,2653404795.55,85870,1009440,60.47
YESBANK,EQ,12-May-2017,1577.3,1581,1591.8,1469.25,1491,1483.1,1515.48,10279727,15578682329.25,245186,3689593,35.89
YESBANK,EQ,15-May-2017,1483.1,1496.9,1506,1453.55,1474,1472.05,1476.98,6077544,8976423007.1,183074,2228727,36.67
YESBANK,EQ,16-May-2017,1472.05,1476.5,1500,1468.1,1477.1,1483.4,1481.94,2779811,4119511546.8,109156,1332784,47.95
YESBANK,EQ,17-May-2017,1483.4,1483.95,1483.95,1451.05,1455.4,1454.65,1461.33,3409548,4982471292.15,126671,1766473,51.81
YESBANK,EQ,18-May-2017,1454.65,1438,1443.9,1393,1397.55,1401.15,1418.63,4999486,7092410139.35,158467,2739845,54.8
YESBANK,EQ,19-May-2017,1401.15,1412.75,1455,1405.25,1430.35,1430.1,1432.12,5976947,8559734880.4,146621,2961130,49.54
YESBANK,EQ,22-May-2017,1430.1,1443.8,1450.55,1398,1409.7,1405.8,1418.12,2527715,3584606017.75,72112,1075214,42.54
YESBANK,EQ,23-May-2017,1405.8,1411,1418,1376.25,1400,1403.15,1399.64,2874605,4023410672.9,88929,1142145,39.73
YESBANK,EQ,24-May-2017,1403.15,1408.05,1444,1398.05,1427.2,1425.05,1427.22,2979073,4251797180.75,109845,848867,28.49
YESBANK,EQ,25-May-2017,1425.05,1434,1470,1430.6,1456,1464.25,1454.82,3908523,5686201795.35,92627,2039543,52.18
YESBANK,EQ,26-May-2017,1464.25,1469.8,1500,1455.05,1492,1493.6,1490.79,2496569,3721855349.8,69840,1056997,42.34
YESBANK,EQ,29-May-2017,1493.6,1493.6,1493.7,1433.15,1435.9,1438.3,1454.1,2027477,2948162604.35,70988,794304,39.18
YESBANK,EQ,30-May-2017,1438.3,1436,1461,1432.05,1438.05,1438.35,1443.65,1662115,2399514153.35,77601,557051,33.51
YESBANK,EQ,31-May-2017,1438.35,1442,1448.4,1409.25,1434.15,1431.35,1427.92,2394802,3419590381.2,116350,1105626,46.17
YESBANK,EQ,01-Jun-2017,1431.35,1430,1450,1421.05,1444.1,1444.6,1436.62,2107031,3027010411.4,66654,892576,42.36
YESBANK,EQ,02-Jun-2017,1444.6,1456.7,1487.5,1445.3,1478,1481.75,1470.75,2601728,3826487895.9,106712,1034881,39.78
YESBANK,EQ,05-Jun-2017,1481.75,1483,1526.3,1481.75,1521.35,1523.55,1513.4,3285941,4972933257.8,103362,1428180,43.46
YESBANK,EQ,06-Jun-2017,1523.55,1525,1532.45,1498.8,1501.05,1506.15,1512.29,1682050,2543750923.15,52110,666555,39.63
YESBANK,EQ,07-Jun-2017,1506.15,1519.95,1520.15,1481.1,1494.5,1493.75,1492.76,1849080,2760224157.1,56847,554085,29.97
YESBANK,EQ,08-Jun-2017,1493.75,1499,1501.7,1467.35,1475,1476.2,1478.93,1911432,2826868666.9,72829,823097,43.06
YESBANK,EQ,09-Jun-2017,1476.2,1479.7,1498.95,1475.2,1489.25,1488.8,1487.3,2016761,2999526172.8,64286,810280,40.18
YESBANK,EQ,12-Jun-2017,1488.8,1481,1504.3,1470.45,1487.15,1483.6,1488.75,1610913,2398240886.75,70958,456667,28.35
YESBANK,EQ,13-Jun-2017,1483.6,1488.5,1510.95,1487.5,1492.25,1493.85,1500.18,1412263,2118645118.1,57919,393804,27.88
YESBANK,EQ,14-Jun-2017,1493.85,1496.05,1499.75,1445,1449,1449,1462.01,3537948,5172499086.25,117843,1516535,42.86
YESBANK,EQ,15-Jun-2017,1449,1449,1450,1431,1446,1446.15,1441.05,2779879,4005931085.9,104067,1441830,51.87
YESBANK,EQ,16-Jun-2017,1446.15,1449,1458.35,1437,1445,1443.5,1445.72,2925673,4229718411.8,90575,1710644,58.47
YESBANK,EQ,19-Jun-2017,1443.5,1454,1455.75,1425.6,1428.45,1430.95,1434.35,2969794,4259721311.35,68814,1594350,53.69
YESBANK,EQ,20-Jun-2017,1430.95,1433,1455.4,1426.15,1443.05,1447.05,1441.23,1982771,2857630432.9,57434,633813,31.97
YESBANK,EQ,21-Jun-2017,1447.05,1438,1445.15,1426.6,1430.5,1432.7,1433.09,1905781,2731155104,98409,859416,45.1
YESBANK,EQ,22-Jun-2017,1432.7,1438.9,1470,1437.35,1450.95,1452,1456.54,3085982,4494850165.6,114817,1307029,42.35
YESBANK,EQ,23-Jun-2017,1452,1453.7,1458.3,1431.2,1440,1435.4,1440.73,1360524,1960151672.25,58553,397240,29.2
YESBANK,EQ,27-Jun-2017,1435.4,1455,1455.4,1405.05,1415,1415.5,1427.73,2026316,2893037901.7,83847,662829,32.71
YESBANK,EQ,28-Jun-2017,1415.5,1414.4,1459.05,1401.5,1449.95,1449.7,1437.8,2723464,3915788417.4,78084,888658,32.63
YESBANK,EQ,29-Jun-2017,1449.7,1459.9,1470,1433.85,1438,1438.5,1450.46,2619863,3800003041.2,108339,1251165,47.76
YESBANK,EQ,30-Jun-2017,1438.5,1438,1466.85,1425,1465.9,1463.5,1454.36,2092369,3043049371.3,87889,829081,39.62
YESBANK,EQ,03-Jul-2017,1463.5,1469.8,1496,1452,1491,1492.75,1482.12,2176784,3226248863.8,59950,787265,36.17
YESBANK,EQ,04-Jul-2017,1492.75,1507.8,1512,1480,1487.05,1485.05,1494.25,2193234,3277248533.65,78557,831040,37.89
YESBANK,EQ,05-Jul-2017,1485.05,1489.1,1509.7,1487,1506,1505.95,1501.45,1826575,2742518927.4,59428,659866,36.13
YESBANK,EQ,06-Jul-2017,1505.95,1501,1519,1495,1504.1,1504.05,1506.76,1438599,2167628475.3,49960,483431,33.6
YESBANK,EQ,07-Jul-2017,1504.05,1502.65,1515.2,1497.6,1506.5,1505.75,1506,1231673,1854904752.45,43626,315610,25.62
YESBANK,EQ,10-Jul-2017,1505.75,1512,1522,1500.9,1511.2,1512.9,1514.61,315651,478086694.45,10304,162100,51.35
YESBANK,EQ,11-Jul-2017,1512.9,1515.25,1533,1508,1508.2,1514.8,1523.42,1982020,3019456972.8,50359,888372,44.82
YESBANK,EQ,12-Jul-2017,1514.8,1516,1522.7,1505,1515.2,1515.45,1515.25,1613612,2445025853.6,60594,873129,54.11
YESBANK,EQ,13-Jul-2017,1515.45,1518,1588,1518,1581.1,1582,1555.35,4158281,6467568428.7,115736,1664424,40.03
YESBANK,EQ,14-Jul-2017,1582,1591.85,1594.85,1554.2,1570.5,1564.6,1569.04,2073301,3253095806.05,60109,757189,36.52
YESBANK,EQ,17-Jul-2017,1564.6,1569.7,1574.9,1543.4,1549.3,1547.45,1555.09,1097877,1707299275.35,43058,410490,37.39
YESBANK,EQ,18-Jul-2017,1547.45,1549.7,1577.45,1545.1,1553.5,1557.8,1563.42,1432358,2239379197.95,60918,509465,35.57
YESBANK,EQ,19-Jul-2017,1557.8,1561,1576.5,1551.1,1567.4,1570.15,1565.67,2109966,3303501641.5,62693,1262694,59.84
YESBANK,EQ,20-Jul-2017,1570.15,1572,1579,1561.2,1571,1571.6,1571.41,1647855,2589455104.05,65154,761706,46.22
YESBANK,EQ,21-Jul-2017,1571.6,1572,1581.45,1565,1576.55,1577.65,1572.66,1065082,1675013039.65,68728,483648,45.41
YESBANK,EQ,24-Jul-2017,1577.65,1578,1619,1576.95,1591,1593.25,1602.44,2515226,4030505769.45,76847,833634,33.14
YESBANK,EQ,25-Jul-2017,1593.25,1596.7,1623.7,1586.1,1615.5,1617.85,1606.94,2565352,4122370168.3,90573,1053782,41.08
YESBANK,EQ,26-Jul-2017,1617.85,1624.7,1724,1605.25,1722,1711.95,1678.12,8549142,14346471967.7,188328,1265263,14.8
YESBANK,EQ,27-Jul-2017,1711.95,1747.25,1798,1742,1783,1785.85,1779.79,11808681,21016953265.7,251839,3111924,26.35
YESBANK,EQ,28-Jul-2017,1785.85,1765,1861,1765,1844.95,1841.85,1824.71,8553332,15607328966.1,192372,1421450,16.62
YESBANK,EQ,31-Jul-2017,1841.85,1850,1858,1803.15,1811.9,1809.5,1818.47,4353547,7916793241.9,132231,1534931,35.26
YESBANK,EQ,01-Aug-2017,1809.5,1818.7,1838,1809.15,1829,1827.25,1827.21,2910564,5318223689.1,91094,856872,29.44
YESBANK,EQ,02-Aug-2017,1827.25,1830,1842.95,1813.05,1820.55,1829,1830.48,2013175,3685081276.7,69383,628339,31.21
YESBANK,EQ,03-Aug-2017,1829,1822,1828.9,1772.3,1784.55,1785.45,1794.3,2997605,5378597170.85,107179,1136995,37.93
YESBANK,EQ,04-Aug-2017,1785.45,1770,1815.25,1763.55,1815.25,1807.95,1785.66,2860985,5108742494.45,86227,901210,31.5
YESBANK,EQ,07-Aug-2017,1807.95,1810,1817,1793.75,1798.5,1799.85,1805.37,1331197,2403307232.55,47615,326779,24.55
YESBANK,EQ,08-Aug-2017,1799.85,1799,1802,1754,1763,1763.55,1770.3,2329546,4123995981.9,108756,835487,35.86
YESBANK,EQ,09-Aug-2017,1763.55,1756,1774.45,1736,1737.2,1741.55,1754.25,1982487,3477769804.35,81711,407836,20.57
YESBANK,EQ,10-Aug-2017,1741.55,1741.55,1744.2,1710.1,1733,1730.1,1730.36,2132127,3689348024.45,77925,686065,32.18
YESBANK,EQ,11-Aug-2017,1730.1,1707,1757.3,1702.15,1740,1739.4,1736.59,3102129,5387120387.55,100776,1082480,34.89
YESBANK,EQ,14-Aug-2017,1739.4,1752,1786,1750.2,1775.5,1778.5,1771.83,1985201,3517438137.4,77435,612392,30.85
YESBANK,EQ,16-Aug-2017,1778.5,1784.05,1789,1732,1760.95,1761.85,1751.13,3744611,6557291201.35,95789,1649969,44.06
YESBANK,EQ,17-Aug-2017,1761.85,1779,1779,1729.3,1738.5,1738.1,1754.4,1913591,3357208666.15,67175,381913,19.96
YESBANK,EQ,18-Aug-2017,1738.1,1734.9,1737.3,1708.3,1716.8,1720.75,1721.62,1678905,2890431210,85992,558304,33.25
YESBANK,EQ,21-Aug-2017,1720.75,1721,1753,1710.1,1714,1716.7,1730.96,1432922,2480336750.45,45656,228890,15.97
YESBANK,EQ,22-Aug-2017,1716.7,1732,1732,1686,1714.5,1712.9,1709.95,2753748,4708761688.1,105017,762795,27.7
YESBANK,EQ,23-Aug-2017,1712.9,1718.7,1728,1697.6,1725.45,1723.25,1715.28,2243348,3847976882.05,105936,804291,35.85
YESBANK,EQ,24-Aug-2017,1723.25,1727.8,1738.95,1714.4,1725,1719.45,1724.98,1773053,3058482843.95,69337,539518,30.43
YESBANK,EQ,28-Aug-2017,1719.45,1723,1757.8,1711.6,1757,1753.35,1740.83,1949997,3394621357.9,92599,620410,31.82
YESBANK,EQ,29-Aug-2017,1753.35,1752,1753.35,1716.05,1718,1721.55,1733.24,1762697,3055170414.05,57581,489595,27.78
YESBANK,EQ,30-Aug-2017,1721.55,1731.55,1765,1731.05,1750,1752.1,1751.97,1972851,3456383704.05,59323,526799,26.7
YESBANK,EQ,31-Aug-2017,1752.1,1750,1774.4,1745.05,1754,1753.05,1759.14,2566761,4515288595.8,80122,960876,37.44
YESBANK,EQ,01-Sep-2017,1753.05,1753.35,1780,1753.35,1770.5,1776.45,1770.29,1599414,2831428045.05,68567,549412,34.35
YESBANK,EQ,04-Sep-2017,1776.45,1770.5,1779.65,1737.05,1757.9,1764.1,1761.13,1720102,3029330993.6,67763,487109,28.32
YESBANK,EQ,05-Sep-2017,1764.1,1767,1787.8,1765,1775,1778.25,1779.2,1612958,2869780756.5,50607,390951,24.24
YESBANK,EQ,06-Sep-2017,1778.25,1770,1804.8,1762.3,1793.95,1793.95,1788.65,1886851,3374923298.1,74184,561710,29.77
YESBANK,EQ,07-Sep-2017,1793.95,1801.8,1819,1792.4,1796,1800,1806.18,1779055,3213290672.2,63291,526599,29.6
YESBANK,EQ,08-Sep-2017,1800,1807,1807.7,1780.25,1786,1789,1793.01,1080596,1937519877.8,47120,283063,26.2
YESBANK,EQ,11-Sep-2017,1789,1796.25,1865.75,1794.25,1846,1842.05,1837.52,3341236,6139590661.7,100376,1210817,36.24
YESBANK,EQ,12-Sep-2017,1842.05,1854.9,1858.85,1822,1853,1850.75,1843.91,2135213,3937132885.55,79104,616003,28.85
YESBANK,EQ,13-Sep-2017,1850.75,1852,1862,1832.6,1839.05,1839,1845.99,1374376,2537088474.3,55121,401622,29.22
YESBANK,EQ,14-Sep-2017,1839,1845.4,1866,1840.2,1851.6,1851.55,1855.01,1270184,2356205512.4,55618,511506,40.27
YESBANK,EQ,15-Sep-2017,1851.55,1828.4,1859,1827.3,1840.05,1845.05,1843.18,1632078,3008212643.3,65566,880085,53.92
YESBANK,EQ,18-Sep-2017,1845.05,1852.1,1872,1851,1858,1859.15,1862.52,1424165,2652542424.65,53441,630522,44.27
YESBANK,EQ,19-Sep-2017,1859.15,1861.4,1872,1847.15,1865,1866.5,1861.45,1124478,2093159316.85,44785,398182,35.41
YESBANK,EQ,20-Sep-2017,1866.5,1865,1886,1861,1878.4,1880.1,1878.94,1209930,2273380095.25,38993,499588,41.29
YESBANK,EQ,21-Sep-2017,1880.1,375.3,382.9,373.35,377.2,377.05,378.74,7307710,2767753344.75,93264,2989311,40.91
YESBANK,EQ,22-Sep-2017,377.05,376.8,376.8,359.45,361.45,360.65,363,12176561,4420126898.4,156464,6430087,52.81
YESBANK,EQ,25-Sep-2017,360.65,361,363.7,349,360.7,359.6,356.23,9426506,3357995937.95,142214,4022155,42.67
YESBANK,EQ,26-Sep-2017,359.6,361,363,355.7,360.55,360.75,359.52,6184763,2223554432.25,106126,2681126,43.35
YESBANK,EQ,27-Sep-2017,360.75,364.9,364.9,350.75,352.7,353.2,356.81,8301438,2962066859.15,186992,4296839,51.76
YESBANK,EQ,28-Sep-2017,353.2,353.5,355.45,347.3,351.2,350.8,351.02,11672921,4097425815.95,118130,6446855,55.23
YESBANK,EQ,29-Sep-2017,350.8,353.7,353.9,345.1,349.3,350,348.9,10421179,3635902289.6,117259,5728523,54.97
YESBANK,EQ,03-Oct-2017,350,354.9,354.9,347.5,351,351.05,351.24,8078173,2837344251.95,131516,4500779,55.72
YESBANK,EQ,04-Oct-2017,351.05,352.7,357.5,351.05,356.85,355.8,355.25,7252399,2576396830.55,100927,3712413,51.19
YESBANK,EQ,05-Oct-2017,355.8,357.3,367.5,357,359.95,359.45,362.77,10552658,3828201209.95,112830,3365722,31.89
YESBANK,EQ,06-Oct-2017,359.45,360.6,366.8,360.6,365.8,365.8,365.09,4977073,1817076174.6,57552,1687051,33.9
YESBANK,EQ,09-Oct-2017,365.8,367.9,372.65,363.15,372,370.9,368.2,5402776,1989314107.7,75157,2089183,38.67
YESBANK,EQ,10-Oct-2017,370.9,372,374,371,372.6,372.9,372.8,5475930,2041430856.4,74118,2557864,46.71
YESBANK,EQ,11-Oct-2017,372.9,374.2,375,362,362.55,363,367.78,7532154,2770160887.75,101556,3408774,45.26
YESBANK,EQ,12-Oct-2017,363,363.1,367.65,359,367.1,365.4,362.61,7573094,2746046351.6,96484,3691672,48.75
YESBANK,EQ,13-Oct-2017,365.4,366,373.05,365.95,369.9,369.7,370.07,5848807,2164465745.2,82880,3046568,52.09
YESBANK,EQ,16-Oct-2017,369.7,374,374.2,365.75,368.5,367.7,368.76,5086334,1875614707.15,68788,2174208,42.75
YESBANK,EQ,17-Oct-2017,367.7,369,375.9,368,373.3,373.55,373.55,6984827,2609182703.35,123493,3244402,46.45
YESBANK,EQ,18-Oct-2017,373.55,366,368,359,364,362.4,363.01,12849346,4664497899.85,145398,6881727,53.56
YESBANK,EQ,19-Oct-2017,362.4,364.4,365.3,355,356,357.8,360.43,1935015,697439018.2,26172,1017645,52.59
YESBANK,EQ,23-Oct-2017,357.8,358,364.55,351,354.7,353.9,356.34,9451524,3367996677.75,125554,4484081,47.44
YESBANK,EQ,24-Oct-2017,353.9,355.7,363.4,344.6,346.45,347.6,353.91,12420114,4395542767.35,140778,7059283,56.84
YESBANK,EQ,25-Oct-2017,347.6,356,356,312.85,330.6,326.9,332.47,33427154,11113650209.1,359455,17657571,52.82
YESBANK,EQ,26-Oct-2017,326.9,331.9,338.65,318,332.5,331.2,331.03,26581626,8799243047.45,243645,9257305,34.83
YESBANK,EQ,27-Oct-2017,331.2,307,313.5,298.55,307.7,307.05,306.74,80906668,24817707767.9,595020,37875787,46.81
YESBANK,EQ,30-Oct-2017,307.05,311.5,317.45,308.1,315.15,314.85,314.03,23574790,7403185848.65,193194,13483999,57.2
YESBANK,EQ,31-Oct-2017,314.85,317.5,319.25,311.3,314.6,314.25,316.01,11811133,3732480163.9,130930,5470738,46.32
YESBANK,EQ,01-Nov-2017,314.25,317,320.5,316.45,318.8,318.8,318.86,9265421,2954400992.1,100197,3856069,41.62
YESBANK,EQ,02-Nov-2017,318.8,321,323.9,318.2,320.2,320.45,321.12,9244908,2968712800.9,128485,3368788,36.44
YESBANK,EQ,03-Nov-2017,320.45,322.45,328,321.7,326.1,325.95,325.48,12865964,4187569908.95,151260,7380320,57.36
YESBANK,EQ,06-Nov-2017,325.95,327,329,317.8,319.5,319.65,324.01,9427134,3054471939.05,135417,4820322,51.13
YESBANK,EQ,07-Nov-2017,319.65,323,323,305.5,310.4,311.7,310.71,30444032,9459219683.5,307578,15380160,50.52
YESBANK,EQ,08-Nov-2017,311.7,313.2,313.65,301.85,304.4,303.8,304.93,25323557,7721864365.85,290914,14290387,56.43
YESBANK,EQ,09-Nov-2017,303.8,305.95,308.8,302,305.55,304.65,304.83,15467103,4714914268.15,148883,7695651,49.75
YESBANK,EQ,10-Nov-2017,304.65,305,309.9,302,304.05,304.05,305.9,11561127,3536594020.65,105640,5477919,47.38
YESBANK,EQ,13-Nov-2017,304.05,306.75,307.95,303.05,303.55,303.75,305.51,6538482,1997562875,67264,2999851,45.88
YESBANK,EQ,14-Nov-2017,303.75,305,306.35,302,302.35,302.55,303.49,9724235,2951160593.45,89394,6352064,65.32
YESBANK,EQ,15-Nov-2017,302.55,302.8,305.8,295.6,301.25,300.95,301.16,13048729,3929805901.65,149421,5957979,45.66
YESBANK,EQ,16-Nov-2017,300.95,302.9,303.95,297.5,302.05,301.3,300.57,9008654,2707717057.55,136200,4086599,45.36
YESBANK,EQ,17-Nov-2017,301.3,308,314.4,305.1,306.1,306.1,309.37,18464900,5712435815.65,143006,8536113,46.23
YESBANK,EQ,20-Nov-2017,306.1,309.45,314,308.2,313.7,313.35,312.34,9652806,3015000979.45,102061,3752566,38.88
YESBANK,EQ,21-Nov-2017,313.35,316,318,310.7,312.6,312.3,315.45,9635431,3039521760.3,118386,4971599,51.6
YESBANK,EQ,22-Nov-2017,312.3,315.6,315.8,307,310,309.75,310.37,6979712,2166290664,68237,2430800,34.83
YESBANK,EQ,23-Nov-2017,309.75,310,316.35,307.15,315.4,313.25,311.1,7091441,2206129702.75,71956,2125399,29.97
YESBANK,EQ,24-Nov-2017,313.25,315,315.95,312.05,312.5,313.05,313.79,7331839,2300635351,177512,4224165,57.61
YESBANK,EQ,27-Nov-2017,313.05,312,316,309.5,315.05,315.3,313.34,5301460,1661170684,75958,2211432,41.71
YESBANK,EQ,28-Nov-2017,315.3,314.5,316.9,313.65,314.35,315,315.36,5342555,1684805833.55,99639,2403441,44.99
YESBANK,EQ,29-Nov-2017,315,315,316,310.95,312.5,312.9,312.9,5457734,1707744862.95,83570,2895195,53.05
YESBANK,EQ,30-Nov-2017,312.9,311,311.95,305,306.9,306.9,308.44,9124083,2814266184.2,121352,5794432,63.51
YESBANK,EQ,01-Dec-2017,306.9,307.8,309.9,305.1,307.05,306.85,307.78,6121307,1884020343.65,92298,2912669,47.58
YESBANK,EQ,04-Dec-2017,306.85,307.8,308.2,301.65,303.95,303.2,303.71,6436175,1954746952.75,79373,3464270,53.82
YESBANK,EQ,05-Dec-2017,303.2,302.15,310,300.6,309.25,308.7,305.46,7558058,2308717435.15,83051,3505426,46.38
YESBANK,EQ,06-Dec-2017,308.7,306.8,309.9,304.6,306.65,306.45,307.16,6114939,1878269929.75,78923,3058747,50.02
YESBANK,EQ,07-Dec-2017,306.45,306.55,311.95,306.55,310.55,310.5,310.42,5794382,1798681952.6,73536,2675152,46.17
YESBANK,EQ,08-Dec-2017,310.5,312,315.5,311,312.5,312.7,313.53,8434605,2644495827.35,103648,4485317,53.18
YESBANK,EQ,11-Dec-2017,312.7,313.5,315.8,310.6,310.9,311.6,312.52,4416465,1380248157.3,70439,2399909,54.34
YESBANK,EQ,12-Dec-2017,311.6,312,312,305.9,306.35,306.8,308.43,5457103,1683114506.6,73447,3186255,58.39
YESBANK,EQ,13-Dec-2017,306.8,306.35,307.35,301.05,302.25,301.9,304.1,6911856,2101922177.3,68106,3329492,48.17
YESBANK,EQ,14-Dec-2017,301.9,303.9,304.65,301.75,304.1,303.9,303.17,4904177,1486816127.55,73179,2398803,48.91
YESBANK,EQ,15-Dec-2017,303.9,307,317.45,307,316.05,315.9,313.77,20571225,6454557450.75,123798,12191912,59.27
YESBANK,EQ,18-Dec-2017,315.9,315.9,318,305.3,311.8,311.15,313.24,13690080,4288308079.85,104391,4196152,30.65
YESBANK,EQ,19-Dec-2017,311.15,314,314.4,309.55,312.4,312.25,312.16,6290291,1963563552,78904,3010186,47.85
YESBANK,EQ,20-Dec-2017,312.25,312.4,313.4,310,311.2,311.7,311.52,6605913,2057856663.2,91086,3329219,50.4
YESBANK,EQ,21-Dec-2017,311.7,311.2,313.95,309.4,310.15,310.45,311.04,7130623,2217909722.9,127632,4339703,60.86
YESBANK,EQ,22-Dec-2017,310.45,310.5,313.5,308.7,309.95,310.15,311.06,7895699,2456026622.9,135512,4353022,55.13
YESBANK,EQ,26-Dec-2017,310.15,310.5,317.9,310.2,315.3,315.5,314.7,9269961,2917295775.95,98604,4412422,47.6
YESBANK,EQ,27-Dec-2017,315.5,316.65,318.95,313.35,313.9,315.15,316.55,8912485,2821227113.1,89638,4904076,55.02
YESBANK,EQ,28-Dec-2017,315.15,314,316,311.8,312.75,313.5,313.99,7927990,2489324658.45,74137,4084409,51.52
YESBANK,EQ,29-Dec-2017,313.5,313.5,315.8,312.8,315.1,315.15,314.73,4718184,1484971436.5,51047,2586181,54.81
YESBANK,EQ,01-Jan-2018,315.15,315.5,317.75,311.3,312.3,312.6,314.5,4019878,1264242253.2,32852,2181558,54.27
YESBANK,EQ,02-Jan-2018,312.6,313.4,314,307.15,312.4,311.65,311.22,5224976,1626138862.45,46756,2311557,44.24
YESBANK,EQ,03-Jan-2018,311.65,312,316.5,311.15,316,315.85,314.93,5672263,1786344789.15,71484,3204850,56.5
YESBANK,EQ,04-Jan-2018,315.85,316,318.4,313,317.55,317.1,315.25,5667580,1786710637.05,53032,3393867,59.88
YESBANK,EQ,05-Jan-2018,317.1,317.5,337.9,317.45,332.9,332.85,331.43,30720675,10181639178.35,249040,12435555,40.48
YESBANK,EQ,08-Jan-2018,332.85,336,341.3,331.3,333.15,333.6,336.48,12747890,4289450275.45,132566,4972063,39
YESBANK,EQ,09-Jan-2018,333.6,334.9,342.8,327.55,341.5,341.35,337.37,13282560,4481132099.2,163402,6059005,45.62
YESBANK,EQ,10-Jan-2018,341.35,341.5,342.35,335.45,338.75,339.8,339.01,10385044,3520586288.6,97750,5161519,49.7
YESBANK,EQ,11-Jan-2018,339.8,339,344.25,335.3,342.35,343.15,340.85,8266266,2817559600.45,78837,3766252,45.56
YESBANK,EQ,12-Jan-2018,343.15,344.1,344.7,337.55,340.05,340.9,340.71,5688676,1938169153.1,62206,2061848,36.24
YESBANK,EQ,15-Jan-2018,340.9,341.9,343.7,335.1,336.15,336,338.87,7142164,2420281048.5,62966,2612713,36.58
YESBANK,EQ,16-Jan-2018,336,336,338.75,328,334.65,334.85,334.19,7296505,2438438049.75,76996,2411672,33.05
YESBANK,EQ,17-Jan-2018,334.85,335.1,343.5,331.4,342.4,342.4,337.63,7985222,2696017702.3,102872,3310146,41.45
YESBANK,EQ,18-Jan-2018,342.4,350,356.9,332.35,346.35,341.2,348.88,35465087,12373151524.65,237760,12816508,36.14
YESBANK,EQ,19-Jan-2018,341.2,347.5,352.25,339.1,348.75,349.35,345.88,21425789,7410763849.1,190091,6397846,29.86
YESBANK,EQ,22-Jan-2018,349.35,349.95,358.25,348.75,357.8,355.35,353.47,13456538,4756539788.2,137787,7156508,53.18
YESBANK,EQ,23-Jan-2018,355.35,359.85,360.4,352.3,359.45,359.55,357.15,10196645,3641713782.75,124739,5058943,49.61
YESBANK,EQ,24-Jan-2018,359.55,357,366.3,356,364.7,364.8,362.69,11258771,4083464782.55,111438,5020092,44.59
YESBANK,EQ,25-Jan-2018,364.8,364.5,364.5,355.65,361.2,361.6,359.57,8963188,3222876010.45,124349,3893311,43.44
YESBANK,EQ,29-Jan-2018,361.6,361.2,363.7,355.55,357.3,358,359.49,7931235,2851222628.6,96485,4412486,55.63
YESBANK,EQ,30-Jan-2018,358,358,360.8,351.85,352.55,353.35,356.4,7890491,2812162289.7,73786,4704171,59.62
YESBANK,EQ,31-Jan-2018,353.35,353,356.55,350.45,354.9,354.4,353.64,8527044,3015470711.4,98580,5316226,62.35
YESBANK,EQ,01-Feb-2018,354.4,355,367.25,352.65,360.3,359.9,358.83,15217926,5460702472.5,136702,8300118,54.54
YESBANK,EQ,02-Feb-2018,359.9,354.2,356,341.8,347,349.05,349.98,16298953,5704302703.3,129822,8261795,50.69
YESBANK,EQ,05-Feb-2018,349.05,340,349,333.6,343.95,343.6,341.15,13407059,4573823851.8,168697,6994078,52.17
YESBANK,EQ,06-Feb-2018,343.6,325,342.9,324,339.4,338.75,333.88,12557261,4192601731.25,133041,5327248,42.42
YESBANK,EQ,07-Feb-2018,338.75,344,344,330.6,330.95,332.9,336.13,11681640,3926547827.4,107528,5670477,48.54
YESBANK,EQ,08-Feb-2018,332.9,332.9,340.35,331.5,336.1,335,337.12,7785799,2624779486.65,76611,3091891,39.71
YESBANK,EQ,09-Feb-2018,335,330,331.45,324,325.1,325.55,327.21,9395513,3074263768.7,95052,4567395,48.61
YESBANK,EQ,12-Feb-2018,325.55,326.6,337.2,326.6,334.7,335.4,332.54,12049356,4006933613.9,93637,5914529,49.09
YESBANK,EQ,14-Feb-2018,335.4,336,337.85,318.95,319.35,320.35,325.93,13548524,4415901234.55,160539,7159162,52.84
YESBANK,EQ,15-Feb-2018,320.35,321.2,328.8,317.7,321,319.8,324.52,15482667,5024413605.6,162179,6302014,40.7
YESBANK,EQ,16-Feb-2018,319.8,324,325,309.65,312,311.8,314.19,18611798,5847560584.85,200889,7109403,38.2
YESBANK,EQ,19-Feb-2018,311.8,313.85,315,307.55,314.35,312.05,310.61,9311433,2892209806.05,99100,2205486,23.69
YESBANK,EQ,20-Feb-2018,312.05,314.35,316.1,307.5,308.05,308.7,312.42,11389041,3558162373.55,102896,4993873,43.85
YESBANK,EQ,21-Feb-2018,308.7,311,313.9,304.5,313.2,312.35,308.98,13342678,4122679200.4,134615,6802383,50.98
YESBANK,EQ,22-Feb-2018,312.35,311.9,316.9,308.15,315.55,316.1,314.78,14787238,4654706376.35,141358,6790126,45.92
YESBANK,EQ,23-Feb-2018,316.1,316.45,326,316.45,323.4,323.45,323.08,11399732,3683079046.05,102159,5070100,44.48
YESBANK,EQ,26-Feb-2018,323.45,326.5,328.2,319.35,324.35,326.15,324.43,9225197,2992923945.15,90249,3503045,37.97
YESBANK,EQ,27-Feb-2018,326.15,325.3,334.25,325,326.35,327.15,329.41,15104405,4975517834.15,99022,6845025,45.32
YESBANK,EQ,28-Feb-2018,327.15,323,325.2,318.05,322.1,322.3,321.02,10985771,3526605291.1,103541,4799186,43.69
YESBANK,EQ,01-Mar-2018,322.3,322.1,326,318.35,320.1,321.05,323.54,7333939,2372831458.55,62668,3171199,43.24
YESBANK,EQ,05-Mar-2018,321.05,318.5,319,311.15,313.5,312.95,313.63,7973146,2500595387.35,106273,3068497,38.49
YESBANK,EQ,06-Mar-2018,312.95,317,320.5,309.85,310.9,312.15,316.43,8299126,2626120281.25,82913,2915689,35.13
YESBANK,EQ,07-Mar-2018,312.15,312,314.9,308,310,311.95,312.5,8420190,2631345033.7,75842,2743797,32.59
YESBANK,EQ,08-Mar-2018,311.95,312.3,313.25,294.7,308.85,308.55,302.69,24027679,7272936318.8,191839,6517578,27.13
YESBANK,EQ,09-Mar-2018,308.55,310,310.95,301.3,302.85,303.25,305.75,11596136,3545491916.1,97173,4638044,40
YESBANK,EQ,12-Mar-2018,303.25,305.2,314.5,301.35,313.55,311.15,305.35,12860205,3926880220.6,87721,6327184,49.2
YESBANK,EQ,13-Mar-2018,311.15,310,315.4,309.8,312.6,312.8,312.98,11436348,3579361065.8,93701,4643254,40.6
YESBANK,EQ,14-Mar-2018,312.8,311.8,321.9,308.2,318,318.85,316.65,12905495,4086519583.4,102326,3970367,30.76
YESBANK,EQ,15-Mar-2018,318.85,318.95,321,310.85,312,311.85,314.89,9999620,3148752607.25,79169,3235122,32.35
YESBANK,EQ,16-Mar-2018,311.85,312.4,316.85,310,314.5,312.9,313.89,17094363,5365790836.25,158616,10667055,62.4
YESBANK,EQ,19-Mar-2018,312.9,316,316.5,302.5,304.6,304.8,307.85,11267355,3468609591.1,117081,4093389,36.33
YESBANK,EQ,20-Mar-2018,304.8,303,305.8,299.7,303,302.4,303.19,9874137,2993742665.65,111797,4025479,40.77
YESBANK,EQ,21-Mar-2018,302.4,305,309.05,300.05,300.9,300.75,304.82,13383435,4079472477.45,135540,5721176,42.75
YESBANK,EQ,22-Mar-2018,300.75,301.8,303.7,295.75,297.4,298.25,299.7,19356591,5801194388.9,141530,10269368,53.05
YESBANK,EQ,23-Mar-2018,298.25,293,293.05,285,287.4,286.65,287.37,21617995,6212282233.6,203264,11297742,52.26
YESBANK,EQ,26-Mar-2018,286.65,286.5,304.9,286,304.85,303.35,295.58,24240033,7164931658.15,219153,9588163,39.56
YESBANK,EQ,27-Mar-2018,303.35,307,309.25,300.7,303.35,303.5,304.68,15267419,4651682305.55,148789,4947253,32.4
YESBANK,EQ,28-Mar-2018,303.5,300.15,307.5,299.1,306.05,304.85,303.28,14952643,4534790899,146755,7148120,47.81
YESBANK,EQ,02-Apr-2018,304.85,307,308.5,303.6,306.8,306.25,305.73,8844027,2703919698.25,100756,3176874,35.92
YESBANK,EQ,03-Apr-2018,306.25,306.45,314.2,304,313,313.1,312,10392997,3242568660.95,92925,3791311,36.48
YESBANK,EQ,04-Apr-2018,313.1,313,320,304,305,305.45,313.56,13516525,4238175546.4,134734,4730167,35
YESBANK,EQ,05-Apr-2018,305.45,311.8,315.6,307.8,314.7,313.05,311.52,11449637,3566815480.8,77410,3908889,34.14
YESBANK,EQ,06-Apr-2018,313.05,314.7,316,311.6,313.6,314.5,314.01,8598435,2700035729.4,85332,2878820,33.48
YESBANK,EQ,09-Apr-2018,314.5,316,319.9,314.4,315.8,316.25,316.93,14002415,4437841902.45,100138,7810227,55.78
YESBANK,EQ,10-Apr-2018,316.25,320.1,320.5,315,319.25,319.25,317.82,9976629,3170781256.2,95452,4118794,41.28
YESBANK,EQ,11-Apr-2018,319.25,320,320,310.5,312.4,312,314.17,9921987,3117208181.05,76261,4110856,41.43
YESBANK,EQ,12-Apr-2018,312,312.2,313.35,308,312.2,311.75,310.62,11359462,3528481395.4,121034,5119414,45.07
YESBANK,EQ,13-Apr-2018,311.75,312.6,314.45,305.7,310,309.55,311.24,12849690,3999379330.4,101167,6277664,48.85
YESBANK,EQ,16-Apr-2018,309.55,307,311.1,306.45,310.85,310.35,308.46,10808237,3333921180.6,82436,5955096,55.1
YESBANK,EQ,17-Apr-2018,310.35,311.9,313.35,307.25,308.4,307.9,309.96,12509310,3877347752.15,118506,6859334,54.83
YESBANK,EQ,18-Apr-2018,307.9,311,313.7,308.75,309.5,309.55,311.25,11323144,3524331092.15,101512,5011135,44.26
YESBANK,EQ,19-Apr-2018,309.55,311,319.5,309,318.5,318.5,315.07,13498117,4252867410.8,108731,5457985,40.44
YESBANK,EQ,20-Apr-2018,318.5,317.7,317.7,306.05,309,308.55,309.87,21800867,6755476103.8,179286,12473181,57.21
YESBANK,EQ,23-Apr-2018,308.55,310.9,317,309,314,313.05,314.33,10927239,3434809173.4,102364,3162197,28.94
YESBANK,EQ,24-Apr-2018,313.05,314,328.8,314,324.15,324,323.55,24392058,7892048785.15,175624,6759668,27.71
YESBANK,EQ,25-Apr-2018,324,323.75,328.5,317.45,325.15,325.25,324.53,15370686,4988248223.6,116264,3546440,23.07
YESBANK,EQ,26-Apr-2018,325.25,327.95,360.25,323.6,358.15,352.4,341.22,62364794,21280346760.3,378197,13109762,21.02
YESBANK,EQ,27-Apr-2018,352.4,365,369,345.1,348.65,348.9,355.21,52230752,18552856657,400840,14529410,27.82
YESBANK,EQ,30-Apr-2018,348.9,350.9,367.2,350.3,360.95,362,361.1,28400085,10255352529.45,212276,4431734,15.6
YESBANK,EQ,02-May-2018,362,361.95,364.7,351.7,354,354.25,357.51,13058846,4668690965.5,185687,4866850,37.27
YESBANK,EQ,03-May-2018,354.25,354,359.25,346.5,353.45,353.95,352.54,15431044,5440054297.4,174195,4117106,26.68
YESBANK,EQ,04-May-2018,353.95,354.5,357.75,344.2,345.65,345.1,349.14,12241946,4274194119.1,106283,3768563,30.78
YESBANK,EQ,07-May-2018,345.1,347.8,350,342.65,348,347.9,347.45,6781161,2356139151.5,83407,1442011,21.26
YESBANK,EQ,08-May-2018,347.9,350,353.95,340.5,344.05,343.3,346.57,11670852,4044809126.9,110666,3022367,25.9
YESBANK,EQ,09-May-2018,343.3,344.45,349.75,343.2,348.15,347.85,347.29,9802803,3404399971.25,79592,3516144,35.87
YESBANK,EQ,10-May-2018,347.85,350.95,350.95,342.65,343.2,344.65,346.85,7330619,2542609160.8,63069,1781625,24.3
YESBANK,EQ,11-May-2018,344.65,346.5,351.8,341.8,348.7,350.25,347.02,7642090,2651929608.2,76097,2162713,28.3
YESBANK,EQ,14-May-2018,350.25,350.8,353.8,343.1,345,344.8,348.02,7468232,2599094320.9,54504,1865999,24.99
YESBANK,EQ,15-May-2018,344.8,346,354.6,343.6,345.55,345.75,349.79,12805393,4479249021.25,164845,3272351,25.55
YESBANK,EQ,16-May-2018,345.75,344,356.45,342,349.55,349.75,349.83,12708109,4445662706.95,115675,3085777,24.28
YESBANK,EQ,17-May-2018,349.75,351.5,352,344,345.25,345.3,347.24,6702419,2327363165.15,71977,2198288,32.8
YESBANK,EQ,18-May-2018,345.3,346.5,348.8,343.1,346,345.5,345.93,8938377,3092076062.35,84820,3147759,35.22
YESBANK,EQ,21-May-2018,345.5,346,349.2,333.05,334.1,334.15,339.23,8748958,2967937649.3,76072,2248714,25.7
YESBANK,EQ,22-May-2018,334.15,334.1,340.75,331,334.5,334.7,334.81,10869535,3639254467.15,88016,3878189,35.68
YESBANK,EQ,23-May-2018,334.7,335,338.75,331.5,333.5,333.7,335.01,7738850,2592587049.95,85619,2524324,32.62
YESBANK,EQ,24-May-2018,333.7,336.7,337,325.6,331.85,330,331.8,8077461,2680095994.35,67734,2578318,31.92
YESBANK,EQ,25-May-2018,330,333,341.9,332,341.35,339.4,336.51,6957024,2341074875.4,82818,1577611,22.68
YESBANK,EQ,28-May-2018,339.4,341.5,348.25,340.75,344.6,345.2,344.85,8982939,3097757130.2,89311,3816239,42.48
YESBANK,EQ,29-May-2018,345.2,344.4,345.9,335.1,338.35,338.05,340.22,7870400,2677634023,90210,2847660,36.18
YESBANK,EQ,30-May-2018,338.05,335.75,344,332.65,343.9,343.15,340.26,10036644,3415067375.4,118387,3133451,31.22
YESBANK,EQ,31-May-2018,343.15,345.4,349.4,338,346.35,346.2,343.67,17910411,6155329938.4,170815,8056699,44.98
YESBANK,EQ,01-Jun-2018,346.2,347,348.7,340.25,342.65,342.7,343.89,9470256,3256722182.85,108594,4171644,44.05
YESBANK,EQ,04-Jun-2018,342.7,343.9,350.9,342,343,342.95,346.17,14501600,5020037022.75,140585,5678574,39.16
YESBANK,EQ,05-Jun-2018,342.95,342.5,342.75,333.65,336.75,336.75,337.1,8492155,2862703318.9,87287,2842218,33.47
YESBANK,EQ,06-Jun-2018,336.75,337.95,340.55,332.55,339,339.15,337.05,8211104,2767537944.35,105210,1837789,22.38
YESBANK,EQ,07-Jun-2018,339.15,341.2,345.5,338,339.5,339.55,342.7,9630695,3300459990.6,87353,3600400,37.38
YESBANK,EQ,08-Jun-2018,339.55,337.5,340.25,335.05,337.9,337.65,337.37,5851442,1974107335.65,58491,1469941,25.12
YESBANK,EQ,11-Jun-2018,337.65,338.6,344.85,334.7,335.4,335.7,339.31,11980621,4065150524.25,95201,5595770,46.71
YESBANK,EQ,12-Jun-2018,335.7,335.7,337.95,331.2,333.4,332.2,334.14,9851496,3291783494.6,82574,4943411,50.18
YESBANK,EQ,13-Jun-2018,332.2,336.9,336.9,331.5,333.05,333.2,333.89,7530350,2514343126.2,69858,2993624,39.75
YESBANK,EQ,14-Jun-2018,333.2,333,338.35,330.55,336.5,337.2,335.03,6819965,2284868985.95,59688,1710745,25.08
YESBANK,EQ,15-Jun-2018,337.2,333,336.2,328.65,331.25,330.65,331.83,8518379,2826657345.25,117709,3866230,45.39
YESBANK,EQ,18-Jun-2018,330.65,330.8,333.85,327.7,331.6,331.65,331.47,6785348,2249127125.55,86256,3182548,46.9
YESBANK,EQ,19-Jun-2018,331.65,330.95,334.5,328.5,330.9,330.9,331.57,8566372,2840390692.95,81995,4464304,52.11
YESBANK,EQ,20-Jun-2018,330.9,331.9,337,331.4,335.6,336.1,335.12,7720519,2587300700.15,86050,2748257,35.6
YESBANK,EQ,21-Jun-2018,336.1,336.8,337.6,331.2,333.2,332.95,334.13,5133865,1715360336.6,68151,1877903,36.58
YESBANK,EQ,22-Jun-2018,332.95,333.6,335.7,329.5,334.75,335.1,332.49,6006046,1996954585.15,77611,2758146,45.92
YESBANK,EQ,25-Jun-2018,335.1,334.75,338.95,332.9,333.3,334.15,336.04,5792052,1946346790.55,69200,2025577,34.97
YESBANK,EQ,26-Jun-2018,334.15,333.1,337.75,332.05,335.6,335.95,335.4,4706265,1578489111.5,51633,1460576,31.03
YESBANK,EQ,27-Jun-2018,335.95,336,337.75,331.05,334.4,335.6,334.57,6930662,2318785094.85,81792,3176378,45.83
YESBANK,EQ,28-Jun-2018,335.6,336.4,336.4,327.3,329.05,329.3,330.86,8130250,2689940923.3,102709,2914279,35.84
YESBANK,EQ,29-Jun-2018,329.3,330.7,341.75,329.65,339.2,339.65,336.86,8963268,3019347593.85,92493,3481580,38.84
YESBANK,EQ,02-Jul-2018,339.65,338.05,341.7,332.35,337,337.05,336.02,8091469,2718906644.5,91962,3069412,37.93
YESBANK,EQ,03-Jul-2018,337.05,337.7,340.5,335.3,337.05,336.9,337.78,4998778,1688470106.45,97773,1434867,28.7
YESBANK,EQ,04-Jul-2018,336.9,337,337.5,332.5,335.6,335.55,334.77,4507001,1508830069.35,56859,1446249,32.09
YESBANK,EQ,05-Jul-2018,335.55,338.75,350.8,338.6,348.6,348.65,346.28,21239763,7354863367.5,160360,4647479,21.88
YESBANK,EQ,06-Jul-2018,348.65,348.3,357.7,347,351.65,352.6,353.52,17790500,6289284503.05,166942,6328540,35.57
YESBANK,EQ,09-Jul-2018,352.6,356.1,366.9,355,362.85,363.3,362.54,16834621,6103200032.8,169220,5266237,31.28
YESBANK,EQ,10-Jul-2018,363.3,363.9,373.1,360,372.9,371.4,367.88,20404168,7506299031.5,195311,8086602,39.63
YESBANK,EQ,11-Jul-2018,371.4,370.95,373.35,367.45,370.6,371.6,370.45,9423127,3490812189.2,125244,2389203,25.35
YESBANK,EQ,12-Jul-2018,371.6,372.5,385,372.5,373.5,374.8,379.74,17868601,6785499081.5,154266,3879807,21.71
YESBANK,EQ,13-Jul-2018,374.8,376.9,380.3,367.3,376.9,376,374.38,15448753,5783721815.8,149378,4005892,25.93
YESBANK,EQ,16-Jul-2018,376,376,380.8,369.6,379.8,378.5,374.02,9093938,3401270082.4,94410,3329217,36.61
YESBANK,EQ,17-Jul-2018,378.5,377.9,385.9,375.6,380.1,380.8,381.55,12586691,4802493399.45,131505,5149213,40.91
YESBANK,EQ,18-Jul-2018,380.8,381.9,388,378,384.5,383.65,383.63,10472260,4017440767.35,93225,2427503,23.18
YESBANK,EQ,19-Jul-2018,383.65,380.95,394.35,379.4,392.6,392.3,389.81,17050256,6646375416.45,168264,7249040,42.52
YESBANK,EQ,20-Jul-2018,392.3,391.1,392.5,385.3,386.25,386.5,388.36,10076070,3913158633.25,98847,3070243,30.47
YESBANK,EQ,23-Jul-2018,386.5,387.9,392.35,382.75,387.65,386.6,386.96,9511403,3680549576.2,94405,3997776,42.03
YESBANK,EQ,24-Jul-2018,386.6,389.2,390,382.7,384.35,384.35,385.36,9785989,3771134199.2,88253,5026596,51.37
YESBANK,EQ,25-Jul-2018,384.35,386,392.7,381.5,383.25,382.9,387.76,12467278,4834326478.4,111673,4037682,32.39
YESBANK,EQ,26-Jul-2018,382.9,385,386.3,358.55,367.45,369.75,373.06,35251243,13150936619.45,294017,8166967,23.17
YESBANK,EQ,27-Jul-2018,369.75,374.9,374.9,362.4,369.8,370,368.26,17100821,6297487528.7,163915,4161354,24.33
YESBANK,EQ,30-Jul-2018,370,372,373,365.25,369.5,369.3,369.18,11469162,4234232671.3,176154,4721410,41.17
YESBANK,EQ,31-Jul-2018,369.3,370,374.7,366.4,367.3,367.95,370.48,9734450,3606427688.4,98886,3476946,35.72
YESBANK,EQ,01-Aug-2018,367.95,369.9,371.55,362,364.05,365.85,365.7,7742871,2831550745.5,105511,2844357,36.74
YESBANK,EQ,02-Aug-2018,365.85,364.95,365.65,356.65,361.8,361.8,360.9,8365895,3019271960.75,94009,3314215,39.62
YESBANK,EQ,03-Aug-2018,361.8,364,374,364,373.05,373.2,370.79,10625834,3939952301.05,96873,2961764,27.87
YESBANK,EQ,06-Aug-2018,373.2,374,380.7,373.45,377.35,377.9,377.63,12018227,4538387840.8,124181,4306404,35.83
YESBANK,EQ,07-Aug-2018,377.9,380,386.4,376.5,381.3,381.65,381.84,13526041,5164819929.2,133116,4516142,33.39
YESBANK,EQ,08-Aug-2018,381.65,382.6,385.75,379.55,381.75,382.75,383.44,6767532,2594969398,64913,2149910,31.77
YESBANK,EQ,09-Aug-2018,382.75,383.5,384.7,377.65,380.9,381.05,380.58,5854134,2227988917.75,63711,1656510,28.3
YESBANK,EQ,10-Aug-2018,381.05,382,391,381,382,382.85,387.62,13916077,5394104779.7,123555,2664820,19.15
YESBANK,EQ,13-Aug-2018,382.85,379,383,368.3,369,370.7,375.67,9205915,3458374489.25,115130,3685591,40.04
YESBANK,EQ,14-Aug-2018,370.7,369,384.3,368.15,383.5,382.5,377.97,12351125,4668398776.65,89048,3851466,31.18
YESBANK,EQ,16-Aug-2018,382.5,381.2,384.85,374.2,378.95,378.45,380.23,11567658,4398356276.3,131634,3712427,32.09
YESBANK,EQ,17-Aug-2018,378.45,382.4,395.65,380.3,394.75,393.2,389.55,16094026,6269431740.4,160736,5712507,35.49
YESBANK,EQ,20-Aug-2018,393.2,396.8,404,392.55,394,394,398.73,15247130,6079520894,167906,3498504,22.95
YESBANK,EQ,21-Aug-2018,394,396,397.45,389.5,392,391.35,392.67,9991245,3923219896.7,168597,4117742,41.21
YESBANK,EQ,23-Aug-2018,391.35,395.25,395.5,383.35,390.7,388.6,388.74,9262319,3600660670.2,121268,3241167,34.99
YESBANK,EQ,24-Aug-2018,388.6,387,388.7,372.85,374.05,374.2,378.84,16301075,6175554482.5,151303,6584057,40.39
YESBANK,EQ,27-Aug-2018,374.2,378,384.65,377,383.35,383,382.35,9563369,3656564791.65,111846,3160232,33.05
YESBANK,EQ,28-Aug-2018,383,386,386,362.8,370.6,370.6,371.57,26309238,9775748804.3,239042,9590138,36.45
YESBANK,EQ,29-Aug-2018,370.6,373.65,378.55,362,366,365.15,370.75,30544751,11324370673.1,253230,10194220,33.37
YESBANK,EQ,30-Aug-2018,365.15,369,369,358,360.9,361.75,361.21,28157288,10170595010.45,234365,12187646,43.28
YESBANK,EQ,31-Aug-2018,361.75,343,350,336.25,343,343.5,343.58,84019022,28867093573.45,756758,33828711,40.26
YESBANK,EQ,03-Sep-2018,343.5,347.95,348,337.2,338.3,339.05,343.21,26137760,8970860648.65,231131,11106969,42.49
YESBANK,EQ,04-Sep-2018,339.05,340.75,343.4,332.55,333.5,334.05,337.27,22057643,7439453003.7,205971,6552853,29.71
YESBANK,EQ,05-Sep-2018,334.05,332.9,344.9,332.25,344.05,343.8,339.18,24809578,8414837234.45,200611,8214844,33.11
YESBANK,EQ,06-Sep-2018,343.8,346.55,347.8,337.9,339.1,339.2,342.4,17527530,6001339480.75,141838,5111245,29.16
YESBANK,EQ,07-Sep-2018,339.2,341,341.05,321.8,323.65,323.4,327.42,48830425,15987938255.95,419207,16953864,34.72
YESBANK,EQ,10-Sep-2018,323.4,323.65,328.9,316,322.95,323.65,323.55,43295622,14008177104.8,356509,12029596,27.78
YESBANK,EQ,11-Sep-2018,323.65,326,327.85,314.6,316,316.6,321.37,28553718,9176333805,221735,8985690,31.47
YESBANK,EQ,12-Sep-2018,316.6,318,319.95,310.6,314,314.3,314.77,26121445,8222260588.3,200641,6699052,25.65
YESBANK,EQ,14-Sep-2018,314.3,318.5,328.5,316.7,322.4,323.1,324.08,36624891,11869215488.55,256299,13502445,36.87
YESBANK,EQ,17-Sep-2018,323.1,317.5,321.85,315.95,317.5,318.6,319.03,18554055,5919221302.95,138363,3127415,16.86
YESBANK,EQ,18-Sep-2018,318.6,319.35,328.95,319.1,324.6,323.55,325.02,30243505,9829705223.85,224102,9940069,32.87
YESBANK,EQ,19-Sep-2018,323.55,326,328.75,318.05,318.6,319.2,322.56,16185496,5220812878.4,138437,3794363,23.44
YESBANK,EQ,21-Sep-2018,319.2,287.3,287.3,218.1,225.15,226.5,245.7,293552756,72127234027.15,1788274,115740552,39.43
YESBANK,EQ,24-Sep-2018,226.5,236.5,237.5,215.85,225.75,226.4,227.37,105701372,24033794384.25,685460,37314423,35.3
YESBANK,EQ,25-Sep-2018,226.4,230,238.85,197.25,220.5,219.7,223.09,110217421,24588772625.05,832786,27576218,25.02
YESBANK,EQ,26-Sep-2018,219.7,223,229.8,217,223.7,223.75,224.65,62814786,14111350860.35,451242,19163545,30.51
YESBANK,EQ,27-Sep-2018,223.75,226,227,202.05,203.6,203.25,210,91197198,19150976725.9,647010,33844085,37.11
YESBANK,EQ,28-Sep-2018,203.25,203.6,204,165,184.1,183.65,184.54,148654874,27432929748.9,957046,42234733,28.41
YESBANK,EQ,01-Oct-2018,183.65,180,203.8,170.6,199.85,200.85,190.13,130992623,24906273973.8,742369,39202955,29.93
YESBANK,EQ,03-Oct-2018,200.85,205,222.95,202.25,212.15,212.75,214.85,97945695,21043941602.2,595714,27041055,27.61
YESBANK,EQ,04-Oct-2018,212.75,209.4,220,205.05,214.3,215,214.3,65604016,14059052703.9,425632,14525270,22.14
YESBANK,EQ,05-Oct-2018,215,215,218.5,203.1,203.95,206,211.7,40546788,8583565105.8,334113,9679844,23.87
YESBANK,EQ,08-Oct-2018,206,210,226.6,207.4,221.75,221.2,217.7,62349640,13573279169.25,445735,14391304,23.08
YESBANK,EQ,09-Oct-2018,221.2,225.5,233.8,222.6,225.45,224.65,228.61,49480210,11311479371.4,362570,12184787,24.63
YESBANK,EQ,10-Oct-2018,224.65,229,237,219.4,234.85,233.9,230.05,52351177,12043211872.9,376406,14023559,26.79
YESBANK,EQ,11-Oct-2018,233.9,222,268.95,216.65,241,240.2,243.53,94679663,23057029949.25,665099,22853563,24.14
YESBANK,EQ,12-Oct-2018,240.2,247,254.4,244.5,245.65,246.45,248.69,43535321,10826756895.5,308158,12549767,28.83
YESBANK,EQ,15-Oct-2018,246.45,248.95,250.6,241.55,246.35,246,246.14,24694397,6078336640.3,190917,6661505,26.98
YESBANK,EQ,16-Oct-2018,246,247,251.4,245.6,249.25,248.9,248.66,18099074,4500445413.65,142759,5699810,31.49
YESBANK,EQ,17-Oct-2018,248.9,252.5,254.85,228.5,233,231.9,237.2,37767849,8958572576.75,325820,9722941,25.74
YESBANK,EQ,19-Oct-2018,231.9,225,230.55,213,219.35,217.9,219.32,50336402,11039920621.2,371039,14983307,29.77
YESBANK,EQ,22-Oct-2018,217.9,221,222.35,208.5,213.1,211.5,212.81,33633639,7157469965.45,276577,7510000,22.33
YESBANK,EQ,23-Oct-2018,211.5,209,216.7,206.5,215.1,213.2,212.47,28293781,6011594104.75,207533,8388514,29.65
YESBANK,EQ,24-Oct-2018,213.2,217.5,220,202,204.35,204,208.49,38009322,7924414361.45,289516,9754171,25.66
YESBANK,EQ,25-Oct-2018,204,202.6,207.5,195,198.95,198.35,201.39,59170164,11916016396.8,434892,14777227,24.97
YESBANK,EQ,26-Oct-2018,198.35,178.55,191.65,168.6,181.2,180.7,185.13,95760078,17728004758.1,573048,34470584,36
YESBANK,EQ,29-Oct-2018,180.7,185,185.9,174.75,180.8,181.3,179.44,52331613,9390200473.3,390848,16321018,31.19
YESBANK,EQ,30-Oct-2018,181.3,182,189.9,180.65,182.6,182.05,184.67,43428186,8020083285.7,298464,14104066,32.48
YESBANK,EQ,31-Oct-2018,182.05,185,189.5,179.65,188.35,188.1,184.51,53264490,9828071686.7,333341,20742681,38.94
YESBANK,EQ,01-Nov-2018,188.1,192,205.75,189.05,205.6,204.05,199.88,69202992,13832375277.25,463212,15071598,21.78
YESBANK,EQ,02-Nov-2018,204.05,212.75,215.9,207.65,209,209.1,212.29,51686587,10972331018,387175,10692440,20.69
YESBANK,EQ,05-Nov-2018,209.1,209,212.35,206.1,210.8,210.1,209.41,21134350,4425803976.8,152861,3202374,15.15
YESBANK,EQ,06-Nov-2018,210.1,212.25,217.9,211,214.7,214.45,214.75,26924066,5781996721.65,182161,4621355,17.16
YESBANK,EQ,07-Nov-2018,214.45,217.45,218,215.5,215.8,215.95,216.24,3962712,856904643,45649,1401657,35.37
YESBANK,EQ,09-Nov-2018,215.95,214,229.4,213.2,227.55,227.9,223.71,40754087,9117074690.05,316481,9615898,23.59
YESBANK,EQ,12-Nov-2018,227.9,230,230.85,221.1,222.4,223.05,224.89,29069172,6537241558.05,215991,7184888,24.72
YESBANK,EQ,13-Nov-2018,223.05,222,226.85,220,225.2,225.45,224.11,19014119,4261300974.25,153930,3586558,18.86
YESBANK,EQ,14-Nov-2018,225.45,226.9,229,221,222.05,222.4,224.85,19780790,4447770416.85,151351,5042859,25.49
YESBANK,EQ,15-Nov-2018,222.4,215,217.95,202.25,205.9,205.85,207.43,60944632,12641444551.85,451001,15433021,25.32
YESBANK,EQ,16-Nov-2018,205.85,201.75,201.75,187.8,192.5,191,192.51,88101871,16960170237.65,618873,27993384,31.77
YESBANK,EQ,19-Nov-2018,191,198.1,205.95,194.35,205.95,204.8,202.04,64329717,12997495138.05,460369,12692403,19.73
YESBANK,EQ,20-Nov-2018,204.8,198,199.75,191,192.5,192.1,194.46,77354754,15042043360.4,485357,18642284,24.1
YESBANK,EQ,21-Nov-2018,192.1,196.1,200.8,194.6,198.4,198.15,197.98,47627190,9429019338.7,268166,9967650,20.93
YESBANK,EQ,22-Nov-2018,198.15,200,203.85,194.65,195.65,195.55,199.48,44350629,8847030430.95,293570,6929393,15.62
YESBANK,EQ,26-Nov-2018,195.55,189,191.95,182.2,191.7,187.9,185.95,60418383,11234608917,438924,11646229,19.28
YESBANK,EQ,27-Nov-2018,187.9,193,193.8,180.35,182.2,182.65,187.14,70065939,13111993598.55,445480,15984397,22.81
YESBANK,EQ,28-Nov-2018,182.65,180.4,181,160.3,162,162.1,169.54,140720495,23857832760.85,960213,43933224,31.22
YESBANK,EQ,29-Nov-2018,162.1,157.05,167,146.75,161.05,160.45,156.44,292043464,45687502348,1451205,48934386,16.76
YESBANK,EQ,30-Nov-2018,160.45,164,171.35,160.45,170.5,169.8,168.47,120153166,20241971291.8,654978,18512047,15.41
YESBANK,EQ,03-Dec-2018,169.8,174,179.5,165.3,178.15,178,173.13,104720593,18130631913.1,555222,12443934,11.88
YESBANK,EQ,04-Dec-2018,178,180.35,182.45,175.25,175.95,176.5,178.8,68038860,12165680662.9,376738,13242239,19.46
YESBANK,EQ,05-Dec-2018,176.5,173.5,178.45,172.2,173.1,173.4,174.93,52289539,9147266048.85,280967,9360611,17.9
YESBANK,EQ,06-Dec-2018,173.4,169,172.5,167.35,168.35,168.45,169.78,38867660,6598951586.45,246580,5607714,14.43
YESBANK,EQ,07-Dec-2018,168.45,170,172,162,166.4,166.2,166.32,49750931,8274492924.65,269924,5909458,11.88
YESBANK,EQ,10-Dec-2018,166.2,162,169.5,160,164.95,165.65,164.78,50379613,8301577357.45,300127,6043257,12
YESBANK,EQ,11-Dec-2018,165.65,164.5,179.85,163.8,179.05,177.85,173.81,85103084,14791717219.3,439447,12088509,14.2
YESBANK,EQ,12-Dec-2018,177.85,182,187.5,181.55,186.5,186.6,185.28,71832334,13308892725.65,366696,11824873,16.46
YESBANK,EQ,13-Dec-2018,186.6,193,193.2,172.3,174.8,174.7,184.21,108920029,20064265037.05,584444,19467602,17.87
YESBANK,EQ,14-Dec-2018,174.7,172.7,181.6,168.25,179.7,180.35,176.7,79566067,14058969420.95,430845,7088937,8.91
YESBANK,EQ,17-Dec-2018,180.35,183.25,184.45,179.45,180.5,181,181.93,35269769,6416710452.45,195137,6800660,19.28
YESBANK,EQ,18-Dec-2018,181,180,180.9,176.75,178.75,179,178.88,35729865,6391378059.05,195583,8836532,24.73
YESBANK,EQ,19-Dec-2018,179,180.5,183.15,178.6,179.15,179.55,180.6,40247602,7268780060.1,242431,10756088,26.72
YESBANK,EQ,20-Dec-2018,179.55,179,187.6,178,186.8,186.75,184.94,61970822,11461081957.6,332868,12786361,20.63
YESBANK,EQ,21-Dec-2018,186.75,188,188.45,180.85,183.15,182.95,184.05,40864241,7521192849.65,215052,7077053,17.32
YESBANK,EQ,24-Dec-2018,182.95,184,185.5,181.25,182.35,182.3,183.34,32861722,6024710111.7,161745,4825271,14.68
YESBANK,EQ,26-Dec-2018,182.3,182.5,182.65,174.25,179.5,179.45,177.77,47421246,8429891463.55,269345,6643820,14.01
YESBANK,EQ,27-Dec-2018,179.45,183,183.45,177.05,178.7,178.1,180.22,44303877,7984279618.4,192334,6193008,13.98
YESBANK,EQ,28-Dec-2018,178.1,180,183.3,180,181.65,181.45,181.96,27142501,4938726751.9,142436,5362595,19.76
YESBANK,EQ,31-Dec-2018,181.45,183.2,183.85,181,181.9,181.8,181.95,18970865,3451688489.9,105371,3729307,19.66
YESBANK,EQ,01-Jan-2019,181.8,182.6,185.9,181,184.4,184.25,184.04,24160878,4446548544.4,128819,4380315,18.13
YESBANK,EQ,02-Jan-2019,184.25,183.45,187,182.5,184.6,184.65,185.2,32583205,6034297945.05,158991,5290399,16.24
YESBANK,EQ,03-Jan-2019,184.65,185.25,186,183.5,184.3,184.1,184.53,20239949,3734965517.05,102751,4112556,20.32
YESBANK,EQ,04-Jan-2019,184.1,184.85,190.3,181.55,190,189.65,186.71,45914917,8572595367.9,224066,9056039,19.72
YESBANK,EQ,07-Jan-2019,189.65,193.9,194.4,185.8,186.55,187.15,190.49,40515242,7717769611.75,215186,11491836,28.36
YESBANK,EQ,08-Jan-2019,187.15,188,193.2,185,191.8,192.35,190.14,40559174,7711815846.35,233064,6089483,15.01
YESBANK,EQ,09-Jan-2019,192.35,193.95,193.95,181.5,186.55,186.45,188.64,63673200,12011060866.75,352457,11568064,18.17
YESBANK,EQ,10-Jan-2019,186.45,188,188.9,184.2,187.9,186.9,186.41,36296992,6766271330.1,204708,8054505,22.19
YESBANK,EQ,11-Jan-2019,186.9,188.7,189.9,182.75,183.4,184.25,185.63,33594786,6236324874.2,164656,7673220,22.84
YESBANK,EQ,14-Jan-2019,184.25,185,198,182.3,195,195.35,192.96,98089778,18927093181.2,489797,19400487,19.78
YESBANK,EQ,15-Jan-2019,195.35,196.6,205,196.1,203.3,203,202.35,82308056,16654713564.45,419455,14755006,17.93
YESBANK,EQ,16-Jan-2019,203,204.8,209.15,203.5,207.8,208.35,206.07,58015710,11955441178.9,266651,10342408,17.83
YESBANK,EQ,17-Jan-2019,208.35,209.25,209.55,200.25,200.65,201.5,203.8,60534702,12337127690.7,293680,13636139,22.53
YESBANK,EQ,18-Jan-2019,201.5,202,203.05,196.2,198.95,198.6,199.21,41858021,8338654433.6,235546,5482465,13.1
YESBANK,EQ,21-Jan-2019,198.6,199.3,200.5,190.7,191.2,191.95,195.77,37304992,7303212661.8,206900,7573007,20.3
YESBANK,EQ,22-Jan-2019,191.95,191.5,193.8,187.4,193.55,192.2,191.09,38382360,7334418921.7,235809,7094311,18.48
YESBANK,EQ,23-Jan-2019,192.2,194.5,199.5,193.65,197.25,197.25,196.73,46394304,9126954064.9,243281,8033285,17.32
YESBANK,EQ,24-Jan-2019,197.25,199,235,189,225.5,215.4,210.47,127603904,26856567120,604076,28175530,22.08
YESBANK,EQ,25-Jan-2019,215.4,225,245,218,219.95,219.6,227.75,183425643,41774766072.75,955891,36712058,20.01
YESBANK,EQ,28-Jan-2019,219.6,222.45,223,206.1,208,207.5,211.86,58015753,12291018719.45,331260,9240415,15.93
YESBANK,EQ,29-Jan-2019,207.5,207,209.45,195.7,205.5,202.9,202.44,76651017,15517133462.5,396905,10859017,14.17
YESBANK,EQ,30-Jan-2019,202.9,211,212,198.3,199.35,199.5,203.09,65312137,13264028321.45,381216,11135037,17.05
YESBANK,EQ,31-Jan-2019,199.5,202,202.45,190.15,194,194.1,195.15,67794993,13230334262.45,371602,13785148,20.33
YESBANK,EQ,01-Feb-2019,194.1,195.9,197.2,181.25,185.3,185.6,190,66597684,12653480304.6,411460,17458912,26.22
YESBANK,EQ,04-Feb-2019,185.6,184.25,184.7,175.6,179.4,179.8,180.41,60771732,10963806269.1,365522,13350973,21.97
YESBANK,EQ,05-Feb-2019,179.8,179.8,183.5,175,175.85,176.1,179.63,44477885,7989423837.75,291755,9084094,20.42
YESBANK,EQ,06-Feb-2019,176.1,178.9,178.95,173,177.1,176.45,175.86,45391450,7982416064.1,273502,8729205,19.23
YESBANK,EQ,07-Feb-2019,176.45,177.1,181.8,175.25,177.05,176.95,178.98,44494971,7963525933.4,241749,8443866,18.98
YESBANK,EQ,08-Feb-2019,176.95,177,178.5,173.25,175.1,175.1,175.96,32561739,5729414776.35,178704,5611958,17.23
YESBANK,EQ,11-Feb-2019,175.1,175.1,176,170.1,173,173.25,172.91,29509227,5102339820.7,175983,4633586,15.7
YESBANK,EQ,12-Feb-2019,173.25,173,176.25,172.1,172.65,172.65,174.42,22298518,3889327345.4,150872,4033079,18.09
YESBANK,EQ,13-Feb-2019,172.65,173.95,174.7,168.1,168.7,169.45,171.11,26229114,4488141709.75,171541,6259211,23.86
YESBANK,EQ,14-Feb-2019,169.45,186.35,224,186.35,222.6,221.25,211.14,264725005,55893855220.15,1276162,60889373,23
YESBANK,EQ,15-Feb-2019,221.25,226.9,226.9,211.3,217.45,219,218.86,141193124,30900928345.5,713092,14034481,9.94
YESBANK,EQ,18-Feb-2019,219,201,216.7,201,214,213.55,212.11,89969426,19083708450.35,484527,13843994,15.39
YESBANK,EQ,19-Feb-2019,213.55,215.1,218.1,211.55,213.5,212.85,214.18,33990276,7279944307,177252,4900089,14.42
YESBANK,EQ,20-Feb-2019,212.85,216.9,219.8,213.35,216.95,217.85,216.38,48429455,10479353481.45,229446,12764925,26.36
YESBANK,EQ,21-Feb-2019,217.85,218.85,218.85,214,215.5,215.15,215.42,27975632,6026410218.15,151900,6695073,23.93
YESBANK,EQ,22-Feb-2019,215.15,214.5,223.7,213.1,221.3,222,220.47,51329944,11316616538.6,266455,8584689,16.72
YESBANK,EQ,25-Feb-2019,222,223.85,230.6,221.2,227.8,229.1,226,47825222,10808707381.5,277705,8133486,17.01
YESBANK,EQ,26-Feb-2019,229.1,223.2,234.45,220.1,230.55,229.5,227.75,84298892,19198841396.2,409115,15095137,17.91
YESBANK,EQ,27-Feb-2019,229.5,233,236.8,223.65,227.6,228.2,230.59,74650022,17213855464.5,375158,11702655,15.68
YESBANK,EQ,28-Feb-2019,228.2,230,232.75,226.8,232.2,231.15,230.31,45753501,10537678830.65,222394,11471503,25.07
YESBANK,EQ,01-Mar-2019,231.15,234.9,238.5,234.1,236.9,237.6,236.5,42006406,9934369733.35,242688,9324717,22.2
YESBANK,EQ,05-Mar-2019,237.6,236,240.75,234.5,237.1,237.45,238.33,30848699,7352071912.8,208235,7212165,23.38
YESBANK,EQ,06-Mar-2019,237.45,238.1,240.65,232.95,235.05,235.3,236.42,24658589,5829878603.85,139472,5260247,21.33
YESBANK,EQ,07-Mar-2019,235.3,235.5,236,228.65,231.85,231.7,231.84,27229610,6312997590.15,175313,5665646,20.81
YESBANK,EQ,08-Mar-2019,231.7,231.7,234.9,229.5,231.7,232.3,232.51,23233663,5402123790.6,144107,4970051,21.39
YESBANK,EQ,11-Mar-2019,232.3,233,238,231.6,237.15,236.3,235.9,21189817,4998738945.95,117027,5366001,25.32
YESBANK,EQ,12-Mar-2019,236.3,238,239.2,235,235.1,235.85,237.14,22100817,5240964073.05,135948,6084220,27.53
YESBANK,EQ,13-Mar-2019,235.85,236,247.6,232.7,244.25,244.3,242.07,58883298,14254119799.4,307346,11098533,18.85
YESBANK,EQ,14-Mar-2019,244.3,248,254,246.15,250.15,249.85,250.85,59684202,14971775478.6,330601,10593357,17.75
YESBANK,EQ,15-Mar-2019,249.85,251.7,252.8,243.5,245.05,245.05,247.39,38715468,9577921922.2,206568,10790762,27.87
YESBANK,EQ,18-Mar-2019,245.05,247,248.55,241.8,246.8,245.95,245.24,24825632,6088215385.8,137716,4752203,19.14
YESBANK,EQ,19-Mar-2019,245.95,246.65,250.5,245,249.35,248.8,248.34,21448040,5326320590.75,144647,4621743,21.55
YESBANK,EQ,20-Mar-2019,248.8,248.75,253,246.4,252.55,252.15,250.44,26817389,6716203895.8,152824,6960671,25.96
YESBANK,EQ,22-Mar-2019,252.15,253,257.5,250.35,252.35,252.6,254.9,34018752,8671291256.25,217734,7401451,21.76
YESBANK,EQ,25-Mar-2019,252.6,250,250.4,246.1,247.4,247.25,247.98,23540100,5837533455.85,132660,8379295,35.6
YESBANK,EQ,26-Mar-2019,247.25,247.5,254.8,247.45,254.65,253.7,250.76,20571726,5158625314.95,137338,5834953,28.36
YESBANK,EQ,27-Mar-2019,253.7,258.4,269.85,256.1,268.6,268.45,264.48,84155309,22257432767.85,468840,19274654,22.9
YESBANK,EQ,28-Mar-2019,268.45,270.65,277.7,268.3,275.1,276.1,273.61,48078072,13154808424.95,279312,14420171,29.99
YESBANK,EQ,29-Mar-2019,276.1,277.9,281.5,273.55,274.5,275.1,278.23,35855963,9976124280.15,226085,10565205,29.47
YESBANK,EQ,01-Apr-2019,275.1,276,280,273.8,276.05,275.9,276.5,27807546,7688833851.65,212387,6596267,23.72
YESBANK,EQ,02-Apr-2019,275.9,278.2,282.05,274.8,282,280.3,278.16,24708930,6872916293.5,182039,5906625,23.9
YESBANK,EQ,03-Apr-2019,280.3,283.5,286,272.2,274,273.7,280.03,31808834,8907470186.5,197853,9413985,29.6
YESBANK,EQ,04-Apr-2019,273.7,274,275,265,268.3,268.05,268.73,42003554,11287544202.75,260005,12805607,30.49
YESBANK,EQ,05-Apr-2019,268.05,270,274,264.25,266.5,266.85,268.91,28319923,7615558714.15,210219,9004795,31.8
YESBANK,EQ,08-Apr-2019,266.85,267.1,268.1,258.25,260.7,260.05,263.18,26252469,6909161461.6,162747,7415011,28.25
YESBANK,EQ,09-Apr-2019,260.05,261.9,272,258.7,271.75,270.6,265.92,39195173,10422593057.95,272721,7066531,18.03
YESBANK,EQ,10-Apr-2019,270.6,272,275.45,267.5,268.55,268.25,271.29,32016249,8685562271.4,203798,7399673,23.11
YESBANK,EQ,11-Apr-2019,268.25,268.75,270.25,264,270.1,269.05,267.1,20363799,5439076351.5,141611,3058266,15.02
YESBANK,EQ,12-Apr-2019,269.05,269.7,271.9,265.8,267.5,267.9,268.28,21736271,5831419340.8,120534,4396606,20.23
YESBANK,EQ,15-Apr-2019,267.9,268.45,269.9,264.8,265.8,265.5,267.16,13509220,3609076620.35,114555,3352737,24.82
YESBANK,EQ,16-Apr-2019,265.5,267.55,269.2,265,265.9,266.45,266.89,16368625,4368568536.4,131574,5550242,33.91
YESBANK,EQ,18-Apr-2019,266.45,266.4,267.95,254.05,255.55,255.8,258.33,32491440,8393396382.95,207697,9620624,29.61
YESBANK,EQ,22-Apr-2019,255.8,253.95,254.4,237,238.1,238.35,244.15,37467080,9147704435.55,270895,11754412,31.37
YESBANK,EQ,23-Apr-2019,238.35,239,244.65,230.5,231,232.7,239.28,43232834,10344908884.2,275123,10195966,23.58
YESBANK,EQ,24-Apr-2019,232.7,233,240.4,231.2,238.55,239.15,235.33,38516951,9064024329.8,231797,9125400,23.69
YESBANK,EQ,25-Apr-2019,239.15,241,250.4,236.05,237.25,237.05,243.05,71641179,17412045875.1,376119,21353446,29.81
YESBANK,EQ,26-Apr-2019,237.05,239.9,240.35,232.1,237.8,237.2,236.9,48524121,11495237090.05,287440,7346956,15.14
